,HTTP GET /hotels,HTTP GET /recommendations,HTTP POST /reservation,HTTP POST /user
frontend,41273.2196,5306.8867,30904.6217,2413.5715
geo,95.0568,/,/,/
profile,26.2047,587.6327535940485,/,/
rate,70159.1679,/,/,/
reservation,125023.80357142857,/,61499.407321030216,/
search,71918.0348174087,/,/,/
recommendation,/,41.930160320641285,/,/
user,/,/,23.337839190948234,22.125062631526205
