,HTTP GET /hotels,HTTP GET /recommendations,HTTP POST /reservation,HTTP POST /user
frontend,11539.248666666666,8048.72192513369,8122.399333333334,3327.192666666667
geo,241.08133333333333,/,/,/
profile,47.50933333333333,2727.1497326203207,/,/
rate,3979.0874499332444,/,/,/
reservation,17513.510026737968,/,20211.17615539183,/
search,8122.905333333333,/,/,/
recommendation,/,142.951871657754,/,/
user,/,/,34.53665097511769,22.960482250502345
