,HTTP GET /hotels,HTTP GET /recommendations,HTTP POST /reservation,HTTP POST /user
frontend,9664.664,6662.662921348315,6949.839333333333,2928.1186666666667
geo,184.364,/,/,/
profile,43.85933333333333,2579.994350282486,/,/
rate,7185.378919279519,/,/,/
reservation,11347.946,/,72936.68958611482,/
search,10884.872,/,/,/
recommendation,/,197.4858757062147,/,/
user,/,/,30.800533689126084,24.447192513368982
