,HTTP GET /hotels,HTTP GET /recommendations,HTTP POST /reservation,HTTP POST /user
frontend,10425.017333333333,6178.534246575343,6961.3966666666665,2742.521333333333
geo,157.30687124749832,/,/,/
profile,41.116,2352.5479452054797,/,/
rate,11763.271390374332,/,/,/
reservation,14177.254191817572,/,38205.05147058824,/
search,13448.512032085562,/,/,/
recommendation,/,180.68493150684932,/,/
user,/,/,16.981245813797724,34.435278336686785
