,HTTP GET /hotels,HTTP GET /recommendations,HTTP POST /reservation,HTTP POST /user
frontend,10530.019333333334,6598.621428571429,7509.035333333333,3101.02
geo,158.08466666666666,/,/,/
profile,54.172,2212.6131386861316,/,/
rate,16015.83855903936,/,/,/
reservation,12676.078877005348,/,50036.41806020067,/
search,15926.268666666667,/,/,/
recommendation,/,369.71014492753625,/,/
user,/,/,14.887333333333334,23.22876254180602
