,HTTP GET /hotels,HTTP GET /recommendations,HTTP POST /reservation,HTTP POST /user
frontend,9518.991333333333,6045.821596244132,6357.352,3005.538
geo,160.39866666666666,/,/,/
profile,86.18733333333333,2808.2159624413143,/,/
rate,12694.38158772515,/,/,/
reservation,11790.920560747663,/,18676.544295302014,/
search,17064.895333333334,/,/,/
recommendation,/,99.52582159624413,/,/
user,/,/,17.354082998661312,23.542666666666666
