,HTTP GET /hotels,HTTP GET /recommendations,HTTP POST /reservation,HTTP POST /user
frontend,14229.092666666667,6305.725874125874,12481.193333333333,2425.001333333333
geo,195.48333333333332,/,/,/
profile,310.27084723148766,2273.8503496503495,/,/
rate,1978.9806666666666,/,/,/
reservation,22251.58372562206,/,87950.25134048257,/
search,5558.976651100734,/,/,/
recommendation,/,81.6055944055944,/,/
user,/,/,22.255563047875928,19.736454849498326
