,HTTP GET /hotels,HTTP GET /recommendations,HTTP POST /reservation,HTTP POST /user
frontend,10518.919333333333,8714.18,8692.964,3473.974
geo,212.03896103896105,/,/,/
profile,45.94417971409122,2449.2020202020203,/,/
rate,3763.016194331984,/,/,/
reservation,12559.748478701826,/,28682.73515677118,/
search,7592.435333333333,/,/,/
recommendation,/,189.27272727272728,/,/
user,/,/,12.590666666666667,16.739597315436242
