,HTTP GET /hotels,HTTP GET /recommendations,HTTP POST /reservation,HTTP POST /user
frontend,10287.95,6102.610465116279,8162.166666666667,2987.847333333333
geo,163.06270847231488,/,/,/
profile,37.09072715143429,2434.4593023255816,/,/
rate,4134.84389593062,/,/,/
reservation,15728.406542056075,/,21392.557937039517,/
search,8105.256170780521,/,/,/
recommendation,/,130.87209302325581,/,/
user,/,/,24.702084734364494,27.062708472314878
