,HTTP GET /hotels,HTTP GET /recommendations,HTTP POST /reservation,HTTP POST /user
frontend,10187.252666666667,6819.100558659218,7710.5886666666665,2989.6186666666667
geo,178.8652815013405,/,/,/
profile,55.81003344481606,2127.1340782122907,/,/
rate,3536.5077026121903,/,/,/
reservation,19452.393574297188,/,20021.598798397863,/
search,7137.138739946381,/,/,/
recommendation,/,100.68156424581005,/,/
user,/,/,29.79986657771848,34.888518024032045
