,HTTP GET /hotels,HTTP GET /recommendations,HTTP POST /reservation,HTTP POST /user
frontend,9076.121333333333,6319.4390243902435,6849.059333333334,2763.4493333333335
geo,158.61733333333333,/,/,/
profile,32.03156480859637,1911.1524390243903,/,/
rate,13808.05277221109,/,/,/
reservation,13690.585056704469,/,18088.58878504673,/
search,16406.734666666667,/,/,/
recommendation,/,135.35365853658536,/,/
user,/,/,21.421122994652407,17.03076923076923
