,HTTP GET /hotels,HTTP GET /recommendations,HTTP POST /reservation,HTTP POST /user
frontend,11428.946,7276.854430379747,8462.477333333334,3191.46
geo,178.1067378252168,/,/,/
profile,30.27484989993329,2549.9620253164558,/,/
rate,3758.525401069519,/,/,/
reservation,15644.290581162324,/,19656.83311081442,/
search,7872.200267022697,/,/,/
recommendation,/,187.4367088607595,/,/
user,/,/,17.039623908663533,19.069333333333333
