,HTTP GET /hotels,HTTP GET /recommendations,HTTP POST /reservation,HTTP POST /user
frontend,9704.946666666667,6615.768518518518,7571.319333333333,3223.304
geo,202.03466666666668,/,/,/
profile,40.52361673414305,2663.2361111111113,/,/
rate,4136.4789859906605,/,/,/
reservation,15973.259036144578,/,20014.788101604277,/
search,7839.684913217624,/,/,/
recommendation,/,154.646511627907,/,/
user,/,/,20.136090727151434,21.712758851035403
