,HTTP GET /hotels,HTTP GET /recommendations,HTTP POST /reservation,HTTP POST /user
frontend,11692.150666666666,6375.97972972973,7859.3533333333335,2637.12
geo,159.3273092369478,/,/,/
profile,46.723446893787575,2635.7297297297296,/,/
rate,19901.286666666667,/,/,/
reservation,16919.66733466934,/,17433.8439383791,/
search,20393.507362784472,/,/,/
recommendation,/,229.0608108108108,/,/
user,/,/,35.467289719626166,18.783044058744995
