,HTTP GET /hotels,HTTP GET /recommendations,HTTP POST /reservation,HTTP POST /user
frontend,9882.399333333333,5351.8110599078345,6029.228,2622.754
geo,184.7074148296593,/,/,/
profile,31.220440881763526,1771.6175115207373,/,/
rate,16720.892904953147,/,/,/
reservation,11929.907209612817,/,19447.377421509686,/
search,16822.446225784905,/,/,/
recommendation,/,174.6451612903226,/,/
user,/,/,18.74983277591973,15.43277591973244
