,HTTP GET /hotels,HTTP GET /recommendations,HTTP POST /reservation,HTTP POST /user
frontend,9019.054666666667,7051.549356223176,5898.921333333334,2757.849333333333
geo,173.726,/,/,/
profile,45.70759837177748,1938.9396551724137,/,/
rate,11881.483655770513,/,/,/
reservation,10971.434139784946,/,16165.767892976588,/
search,14369.768,/,/,/
recommendation,/,172.31034482758622,/,/
user,/,/,19.18206157965194,15.786336235766912
