{
    "HTTP GET /hotels": {
        "average": [
            44326.32466666667,
            51291.59066666666,
            40411.306,
            46364.689333333336,
            37814.473333333335,
            53135.164666666664,
            38427.34533333333,
            39306.294,
            55315.511333333336,
            34459.846666666665,
            55454.706666666665,
            41391.334,
            68978.654,
            38860.33066666667,
            49859.967333333334
        ],
        "normal": [
            24704.415555555555,
            37590.50148148148,
            27727.323703703703,
            32529.931851851852,
            29412.36962962963,
            39036.7162962963,
            28728.42962962963,
            30023.573333333334,
            38635.81037037037,
            27202.725925925926,
            39751.12222222222,
            29700.10814814815,
            48021.41851851852,
            27830.885925925926,
            36283.23333333333
        ],
        "tail": [
            220923.50666666665,
            174601.39333333334,
            154567.14666666667,
            170877.50666666665,
            113433.40666666666,
            180021.2,
            125717.58666666667,
            122850.78,
            205432.82,
            99773.93333333333,
            196786.96666666667,
            146612.36666666667,
            257593.77333333335,
            138125.33333333334,
            172050.57333333333
        ]
    },
    "HTTP GET /recommendations": {
        "average": [
            8661.181818181818,
            8953.56338028169,
            9046.916201117318,
            9153.738197424893,
            9432.935185185184,
            8365.94512195122,
            8667.941860465116,
            9424.539325842698,
            9128.25,
            11326.27,
            7298.0737327188945,
            10918.823529411764,
            9240.77027027027,
            10014.253164556962,
            8711.767123287671
        ],
        "normal": [
            6861.216174183514,
            7448.471204188481,
            7153.552795031056,
            7486.626794258374,
            7786.309278350515,
            6758.414965986394,
            6919.045454545455,
            7586.63125,
            6741.849206349207,
            8122.211111111111,
            5970.630769230769,
            8624.22619047619,
            7601.609022556391,
            8400.55633802817,
            7093.557251908397
        ],
        "tail": [
            24735.875,
            22020.5,
            25982.0,
            23671.5,
            23953.18181818182,
            22266.352941176472,
            23630.722222222223,
            25761.5,
            30605.85714285714,
            40162.8,
            19064.045454545456,
            31207.894736842107,
            23774.666666666668,
            24335.8125,
            22844.133333333335
        ]
    },
    "HTTP POST /reservation": {
        "average": [
            99984.38,
            24926.670666666665,
            27735.272,
            22029.908666666666,
            27552.857333333333,
            24934.894,
            29479.380666666668,
            56986.72666666667,
            57393.55266666667,
            37369.168,
            25456.398,
            28273.494,
            25247.25933333333,
            28110.016,
            45081.47
        ],
        "normal": [
            61295.44074074074,
            19503.994814814814,
            22536.384444444444,
            18114.467407407406,
            22834.156296296296,
            19666.391111111112,
            23435.331851851854,
            34165.24610822832,
            27521.67111111111,
            23378.046666666665,
            17273.135555555556,
            22584.24740740741,
            18425.745925925927,
            20349.515555555554,
            19942.174814814814
        ],
        "tail": [
            448184.8333333333,
            73730.75333333333,
            74525.26,
            57268.88,
            70021.16666666667,
            72351.42,
            83875.82,
            260868.6953642384,
            326240.4866666667,
            163289.26,
            99105.76,
            79476.71333333333,
            86640.88,
            97954.52,
            271335.12666666665
        ]
    },
    "HTTP POST /user": {
        "average": [
            2444.672,
            3029.0806666666667,
            3024.460666666667,
            2773.562,
            3244.9733333333334,
            2780.423333333333,
            3014.892,
            2952.500666666667,
            3124.171333333333,
            3490.602,
            2638.135333333333,
            3350.046,
            2655.878,
            3210.5293333333334,
            2776.75
        ],
        "normal": [
            1579.6592592592592,
            2153.068888888889,
            2026.677037037037,
            1899.7866666666666,
            2192.7303703703706,
            1870.72,
            2038.4474074074074,
            1917.5022222222221,
            2001.0903703703705,
            2325.5903703703702,
            1754.674074074074,
            2292.2325925925925,
            1792.328888888889,
            2149.9555555555557,
            1936.368888888889
        ],
        "tail": [
            10229.786666666667,
            10913.186666666666,
            12004.513333333334,
            10637.54,
            12715.16,
            10967.753333333334,
            11802.893333333333,
            12267.486666666666,
            13231.9,
            13975.706666666667,
            10589.286666666667,
            12870.366666666667,
            10427.82,
            12755.693333333333,
            10340.18
        ]
    }
}