,HTTP GET /hotels,HTTP GET /recommendations,HTTP POST /reservation,HTTP POST /user
frontend,115574.7688888889,3498.1486666666665,71073.50651769087,1817.9326666666666
geo,93.24592592592593,/,/,/
profile,25.36,531.3433333333334,/,/
rate,1723.9051851851852,/,/,/
reservation,271136.17744360905,/,96413.97683397683,/
search,1825.9807407407407,/,/,/
recommendation,/,46.80466666666667,/,/
user,/,/,14.657355679702048,18.929333333333332
