,HTTP GET /hotels,HTTP GET /recommendations,HTTP POST /reservation,HTTP POST /user
frontend,104487.98,4218.518,103994.76068376069,1900.098
geo,99.96666666666667,/,/,/
profile,26.593333333333334,701.6742934051144,/,/
rate,1402.2266666666667,/,/,/
reservation,312291.1543624161,/,141844.66666666666,/
search,1764.2,/,/,/
recommendation,/,64.46066666666667,/,/
user,/,/,15.991452991452991,16.517773306505703
