,HTTP GET /hotels,HTTP GET /recommendations,HTTP POST /reservation,HTTP POST /user
frontend,77356.12333333334,1987.3906666666667,57293.69533333334,1198.3973333333333
geo,93.08333333333333,/,/,/
profile,25.830666666666666,448.0193720774883,/,/
rate,1991.4673333333333,/,/,/
reservation,249576.0991233985,/,87640.84366576819,/
search,2866.3006666666665,/,/,/
recommendation,/,36.80533333333333,/,/
user,/,/,15.357333333333333,17.536503683858005
