,HTTP GET /hotels,HTTP GET /recommendations,HTTP POST /reservation,HTTP POST /user
frontend,30573.132,2872.7626666666665,20500.109333333334,2309.6613333333335
geo,115.99733333333333,/,/,/
profile,23.660187667560322,579.1933333333334,/,/
rate,5988.970588235294,/,/,/
reservation,113715.28975741239,/,48742.98255033557,/
search,4856.595588235294,/,/,/
recommendation,/,44.672666666666665,/,/
user,/,/,15.059452237808951,17.600666666666665
