,HTTP GET /hotels,HTTP GET /recommendations,HTTP POST /reservation,HTTP POST /user
frontend,33739.87266666667,1520.7026666666666,30594.557333333334,635.766
geo,97.972,/,/,/
profile,175.64228187919463,492.2758851035404,/,/
rate,1685.200400801603,/,/,/
reservation,109511.61707805203,/,72794.43175675676,/
search,2125.1053333333334,/,/,/
recommendation,/,31.945333333333334,/,/
user,/,/,13.895372233400403,14.097463284379172
