,HTTP GET /hotels,HTTP GET /recommendations,HTTP POST /reservation,HTTP POST /user
frontend,64269.4844606947,3618.0133333333333,35841.964788732395,1678.4986666666666
geo,93.05118829981718,/,/,/
profile,24.029520295202953,656.3004005340454,/,/
rate,2495.72760511883,/,/,/
reservation,154829.11049723756,/,66864.18938053097,/
search,2372.5045703839123,/,/,/
recommendation,/,51.652261985145174,/,/
user,/,/,13.334507042253522,17.504353650368387
