,HTTP GET /hotels,HTTP GET /recommendations,HTTP POST /reservation,HTTP POST /user
frontend,89530.57894736843,3449.412,76479.69270833333,1813.274
geo,90.31842105263158,/,/,/
profile,24.236842105263158,555.5432016075017,/,/
rate,8041.3,/,/,/
reservation,293848.7387862797,/,110474.95161290323,/
search,9301.728947368421,/,/,/
recommendation,/,45.676,/,/
user,/,/,17.7265625,15.080160320641282
