,HTTP GET /hotels,HTTP GET /recommendations,HTTP POST /reservation,HTTP POST /user
frontend,68097.12753623188,4160.170666666667,64932.75257731959,3073.982
geo,107.22173913043478,/,/,/
profile,24.75072463768116,630.4273333333333,/,/
rate,1253.2072463768116,/,/,/
reservation,216803.74127906977,/,77635.56993736952,/
search,1765.5217391304348,/,/,/
recommendation,/,62.63133333333333,/,/
user,/,/,15.694845360824742,13.834788448623238
