,HTTP GET /hotels,HTTP GET /recommendations,HTTP POST /reservation,HTTP POST /user
frontend,89064.70797310279,2228.8633333333332,58319.33471933472,1024.904
geo,95.66954851104707,/,/,/
profile,26.295476419634262,440.499665998664,/,/
rate,8218.923150816523,/,/,/
reservation,266775.7574257426,/,90736.40601503759,/
search,8716.14161849711,/,/,/
recommendation,/,32.89333333333333,/,/
user,/,/,14.825,12.846666666666666
