,HTTP GET /hotels,HTTP GET /recommendations,HTTP POST /reservation,HTTP POST /user
frontend,38297.382666666665,1440.4046666666666,31160.311333333335,718.3386666666667
geo,98.30133333333333,/,/,/
profile,48.50470430107527,487.60840560373583,/,/
rate,1813.2045454545455,/,/,/
reservation,127450.71133333334,/,63261.47466666667,/
search,2212.661744966443,/,/,/
recommendation,/,30.392379679144383,/,/
user,/,/,15.618120805369127,15.525752508361204
