,HTTP GET /hotels,HTTP GET /recommendations,HTTP POST /reservation,HTTP POST /user
frontend,61744.895022624434,3610.210666666667,49161.6197021764,2051.838
geo,104.11855203619909,/,/,/
profile,26.06606334841629,587.0426951300867,/,/
rate,2401.666968325792,/,/,/
reservation,220081.34671532846,/,62715.729166666664,/
search,3246.7755656108598,/,/,/
recommendation,/,51.052,/,/
user,/,/,20.8659793814433,15.881016042780749
