,HTTP GET /hotels,HTTP GET /recommendations,HTTP POST /reservation,HTTP POST /user
frontend,49861.028666666665,1512.394,35715.318,704.6953333333333
geo,88.61077027948194,/,/,/
profile,25.447670492910195,551.8206157965194,/,/
rate,2027.131860776439,/,/,/
reservation,174300.9979619565,/,69439.73239436619,/
search,2390.156862745098,/,/,/
recommendation,/,32.30466666666667,/,/
user,/,/,14.22192513368984,15.06951871657754
