,HTTP GET /hotels,HTTP GET /recommendations,HTTP POST /reservation,HTTP POST /user
frontend,75601.52818532819,3047.77,57274.37238493724,2298.1413333333335
geo,108.52211690363349,/,/,/
profile,28.724324324324325,531.5534045393858,/,/
rate,4139.3011583011585,/,/,/
reservation,223708.85421591805,/,78508.29130434783,/
search,5267.8339768339765,/,/,/
recommendation,/,53.88666666666666,/,/
user,/,/,20.176778242677823,21.132
