,HTTP GET /hotels,HTTP GET /recommendations,HTTP POST /reservation,HTTP POST /user
frontend,47259.763333333336,1525.5886666666668,45969.926,901.1993333333334
geo,84.216,/,/,/
profile,21.97863818424566,478.7691275167785,/,/
rate,1851.0233333333333,/,/,/
reservation,199263.81108144193,/,74764.59554355165,/
search,1955.326,/,/,/
recommendation,/,31.897333333333332,/,/
user,/,/,14.975333333333333,13.189538043478262
