{
    "HTTP GET /hotels": {
        "average": [
            328459.144,
            415993.3466666667
        ],
        "normal": [
            222505.41333333333,
            290884.2444444444
        ],
        "tail": [
            1282042.72,
            1541975.2666666666
        ]
    },
    "HTTP GET /recommendations": {
        "average": [
            2471.3193333333334,
            4978.104
        ],
        "normal": [
            1699.6074074074074,
            4137.08
        ],
        "tail": [
            9416.726666666667,
            12547.32
        ]
    },
    "HTTP POST /reservation": {
        "average": [
            144015.06066666666,
            238581.33333333334
        ],
        "normal": [
            111376.81407407408,
            191443.9619047619
        ],
        "tail": [
            437759.28,
            651033.3333333334
        ]
    },
    "HTTP POST /user": {
        "average": [
            1215.852,
            1916.5166666666667
        ],
        "normal": [
            679.64,
            1352.622962962963
        ],
        "tail": [
            6041.76,
            6991.56
        ]
    }
}