{
    "HTTP GET /hotels": {
        "average": [
            302744.72741312743
        ],
        "normal": [
            197431.28755364806
        ],
        "tail": [
            1246515.1692307692
        ]
    },
    "HTTP GET /recommendations": {
        "average": [
            3632.501333333333
        ],
        "normal": [
            2442.5422222222223
        ],
        "tail": [
            14342.133333333333
        ]
    },
    "HTTP POST /reservation": {
        "average": [
            132846.41631799162
        ],
        "normal": [
            104673.29534883721
        ],
        "tail": [
            385230.625
        ]
    },
    "HTTP POST /user": {
        "average": [
            2319.2733333333335
        ],
        "normal": [
            928.42
        ],
        "tail": [
            14836.953333333333
        ]
    }
}