{
    "HTTP GET /hotels": {
        "average": [
            147257.86066666667,
            169899.81866666666,
            224124.71666666667,
            249757.97,
            362298.70028818445,
            380877.95407407405,
            396508.16842105263,
            328459.144,
            415993.3466666667,
            68333.2,
            153956.112,
            286971.18695652176,
            302744.72741312743,
            221845.72577696526,
            283654.2914027149
        ],
        "normal": [
            84602.75777777778,
            88090.00888888889,
            135377.24814814815,
            134424.8548148148,
            239869.5576923077,
            254157.26029654036,
            259462.19005847952,
            222505.41333333333,
            290884.2444444444,
            11383.75,
            79665.73925925927,
            186609.56199677938,
            197431.28755364806,
            128646.84756097561,
            162461.70724346075
        ],
        "tail": [
            711153.7866666666,
            906188.1066666667,
            1022851.9333333333,
            1287756.0066666666,
            1453667.0571428572,
            1512046.5,
            1629921.9736842106,
            1282042.72,
            1541975.2666666666,
            296131.0,
            822569.4666666667,
            1190225.8115942029,
            1246515.1692307692,
            1055552.0545454544,
            1368928.4234234234
        ]
    },
    "HTTP GET /recommendations": {
        "average": [
            2043.9393333333333,
            1957.9993333333334,
            2094.312,
            2033.0633333333333,
            2701.3753333333334,
            4076.2966666666666,
            4048.038666666667,
            2471.3193333333334,
            4978.104,
            4799.953333333333,
            3496.6286666666665,
            4853.229333333334,
            3632.501333333333,
            4324.4366666666665,
            4247.914
        ],
        "normal": [
            1569.5844444444444,
            1547.4288888888889,
            1688.5051851851852,
            1585.1037037037038,
            1833.9096296296295,
            2786.127407407407,
            2912.5555555555557,
            1699.6074074074074,
            4137.08,
            3984.051111111111,
            2718.1237037037035,
            3435.1266666666666,
            2442.5422222222223,
            3537.9696296296297,
            3147.8748148148147
        ],
        "tail": [
            6313.133333333333,
            5653.133333333333,
            5746.573333333334,
            6064.7,
            10508.566666666668,
            15687.82,
            14267.386666666667,
            9416.726666666667,
            12547.32,
            12143.073333333334,
            10503.173333333334,
            17616.153333333332,
            14342.133333333333,
            11402.64,
            14148.266666666666
        ]
    },
    "HTTP POST /reservation": {
        "average": [
            102432.20866666667,
            94437.3,
            104752.596,
            119802.47866666666,
            146146.59667359668,
            164090.8454376164,
            183520.02864583334,
            144015.06066666666,
            238581.33333333334,
            37921.54285714286,
            68933.168,
            141623.57731958764,
            132846.41631799162,
            102366.33274647887,
            111251.66093928981
        ],
        "normal": [
            68266.88296296296,
            65613.49555555555,
            70978.2637037037,
            77521.58296296296,
            107864.59306358382,
            118408.50931677019,
            120058.7420289855,
            111376.81407407408,
            191443.9619047619,
            28251.354838709678,
            36860.30222222222,
            100389.52064220184,
            104673.29534883721,
            78789.48140900195,
            72603.96050955413
        ],
        "tail": [
            409920.14,
            353851.54,
            408721.58666666667,
            500330.54,
            487527.3505154639,
            572693.9629629629,
            744908.3333333334,
            437759.28,
            651033.3333333334,
            112865.5,
            357588.96,
            508522.5306122449,
            385230.625,
            313730.7368421053,
            456006.7159090909
        ]
    },
    "HTTP POST /user": {
        "average": [
            649.8446666666666,
            733.8126666666667,
            719.7246666666666,
            914.1426666666666,
            1037.7506666666666,
            1836.862,
            1828.324,
            1215.852,
            1916.5166666666667,
            2142.3206666666665,
            2327.262,
            3087.7153333333335,
            2319.2733333333335,
            1695.9213333333332,
            2067.6766666666667
        ],
        "normal": [
            475.90222222222224,
            487.0096296296296,
            506.2474074074074,
            481.7125925925926,
            527.8777777777777,
            968.0392592592592,
            1091.885925925926,
            679.64,
            1352.622962962963,
            1513.154074074074,
            814.8733333333333,
            1460.951111111111,
            928.42,
            1146.5733333333333,
            1365.7481481481482
        ],
        "tail": [
            2215.326666666667,
            2955.04,
            2641.02,
            4806.013333333333,
            5626.606666666667,
            9656.266666666666,
            8456.266666666666,
            6041.76,
            6991.56,
            7804.82,
            15938.76,
            17728.593333333334,
            14836.953333333333,
            6640.053333333333,
            8385.033333333333
        ]
    }
}