{
    "HTTP GET /hotels": {
        "average": [
            68333.2,
            153956.112,
            286971.18695652176
        ],
        "normal": [
            11383.75,
            79665.73925925927,
            186609.56199677938
        ],
        "tail": [
            296131.0,
            822569.4666666667,
            1190225.8115942029
        ]
    },
    "HTTP GET /recommendations": {
        "average": [
            4799.953333333333,
            3496.6286666666665,
            4853.229333333334
        ],
        "normal": [
            3984.051111111111,
            2718.1237037037035,
            3435.1266666666666
        ],
        "tail": [
            12143.073333333334,
            10503.173333333334,
            17616.153333333332
        ]
    },
    "HTTP POST /reservation": {
        "average": [
            37921.54285714286,
            68933.168,
            141623.57731958764
        ],
        "normal": [
            28251.354838709678,
            36860.30222222222,
            100389.52064220184
        ],
        "tail": [
            112865.5,
            357588.96,
            508522.5306122449
        ]
    },
    "HTTP POST /user": {
        "average": [
            2142.3206666666665,
            2327.262,
            3087.7153333333335
        ],
        "normal": [
            1513.154074074074,
            814.8733333333333,
            1460.951111111111
        ],
        "tail": [
            7804.82,
            15938.76,
            17728.593333333334
        ]
    }
}