{
    "HTTP GET /hotels": {
        "average": [
            221845.72577696526,
            283654.2914027149
        ],
        "normal": [
            128646.84756097561,
            162461.70724346075
        ],
        "tail": [
            1055552.0545454544,
            1368928.4234234234
        ]
    },
    "HTTP GET /recommendations": {
        "average": [
            4324.4366666666665,
            4247.914
        ],
        "normal": [
            3537.9696296296297,
            3147.8748148148147
        ],
        "tail": [
            11402.64,
            14148.266666666666
        ]
    },
    "HTTP POST /reservation": {
        "average": [
            102366.33274647887,
            111251.66093928981
        ],
        "normal": [
            78789.48140900195,
            72603.96050955413
        ],
        "tail": [
            313730.7368421053,
            456006.7159090909
        ]
    },
    "HTTP POST /user": {
        "average": [
            1695.9213333333332,
            2067.6766666666667
        ],
        "normal": [
            1146.5733333333333,
            1365.7481481481482
        ],
        "tail": [
            6640.053333333333,
            8385.033333333333
        ]
    }
}