,HTTP GET /hotels,HTTP GET /recommendations,HTTP POST /reservation,HTTP POST /user
frontend,66425.4278,7397.0024,53276.0782,3739.54
geo,101.07840784078408,/,/,/
profile,27.6028,529.0847508505103,/,/
rate,21350.5671,/,/,/
reservation,203559.2271714922,/,119990.00194672131,/
search,23496.0102,/,/,/
recommendation,/,36.30158570855078,/,/
user,/,/,20.46869373874775,22.416591614129892
