{
    "HTTP GET /hotels": {
        "average": [
            369363.628,
            378853.5968
        ],
        "normal": [
            284682.41466666665,
            285678.2308888889
        ],
        "tail": [
            1131494.548,
            1217431.89
        ]
    },
    "HTTP GET /recommendations": {
        "average": [
            8243.281,
            27265.9679
        ],
        "normal": [
            2525.8884444444443,
            18019.74611111111
        ],
        "tail": [
            59699.814,
            110481.964
        ]
    },
    "HTTP POST /reservation": {
        "average": [
            24668.6769,
            31758.1435
        ],
        "normal": [
            5718.063222222222,
            7862.292555555556
        ],
        "tail": [
            195224.2,
            246820.802
        ]
    },
    "HTTP POST /user": {
        "average": [
            3453.5843,
            11271.1614
        ],
        "normal": [
            680.1623333333333,
            3381.828666666667
        ],
        "tail": [
            28414.382,
            82275.156
        ]
    }
}