,HTTP GET /hotels,HTTP GET /recommendations,HTTP POST /reservation,HTTP POST /user
frontend,50992.242,2007.7766666666666,39571.39266666667,961.496
geo,89.3288859239493,/,/,/
profile,16.936,399.56999330207634,/,/
rate,977.2953333333334,/,/,/
reservation,114456.60536912752,/,70675.53772943576,/
search,1667.3346747149565,/,/,/
recommendation,/,35.870121130551816,/,/
user,/,/,13.26404874746107,13.334666666666667
