,HTTP GET /hotels,HTTP GET /recommendations,HTTP POST /reservation,HTTP POST /user
frontend,40653.54866666667,1902.5126666666667,33249.288,895.9273333333333
geo,110.25067750677506,/,/,/
profile,171.06361149110808,484.57171447631754,/,/
rate,1342.2251201098147,/,/,/
reservation,87648.4428668019,/,89376.17058428476,/
search,1966.331076506432,/,/,/
recommendation,/,40.689126084056035,/,/
user,/,/,18.434695244474213,22.43212365591398
