,HTTP GET /hotels,HTTP GET /recommendations,HTTP POST /reservation,HTTP POST /user
frontend,52334.74,2111.7346666666667,44034.371333333336,1120.4106666666667
geo,99.7010033444816,/,/,/
profile,17.914,434.28705566733737,/,/
rate,1075.3333333333333,/,/,/
reservation,106533.72666666667,/,77411.34993178718,/
search,1847.6020134228188,/,/,/
recommendation,/,35.20733333333333,/,/
user,/,/,13.168592794017675,13.16297786720322
