,HTTP GET /hotels,HTTP GET /recommendations,HTTP POST /reservation,HTTP POST /user
frontend,23675.558666666668,13948.279333333334,19298.433333333334,7706.491333333333
geo,135.84569138276552,/,/,/
profile,19.716,870.9986522911051,/,/
rate,3555.3593333333333,/,/,/
reservation,13314.981333333333,/,40481.264646464646,/
search,3982.4235136940547,/,/,/
recommendation,/,42.49061662198391,/,/
user,/,/,12.647773279352228,13.744091829844699
