,HTTP GET /hotels,HTTP GET /recommendations,HTTP POST /reservation,HTTP POST /user
frontend,54942.278666666665,2341.3713333333335,43227.33866666667,1253.86
geo,98.57697456492637,/,/,/
profile,16.188456189151598,447.052,/,/
rate,1326.5276243093922,/,/,/
reservation,92144.35481635481,/,57732.133423180596,/
search,2297.069482288828,/,/,/
recommendation,/,32.32755170113409,/,/
user,/,/,15.940899932840832,13.99395567494963
