,HTTP GET /hotels,HTTP GET /recommendations,HTTP POST /reservation,HTTP POST /user
frontend,53853.10733333333,3935.9637096774195,39359.66933333333,2211.7201257861634
geo,153.26876675603216,/,/,/
profile,25.966644429619745,1051.093117408907,/,/
rate,2451.813627254509,/,/,/
reservation,111357.11666666667,/,68872.77041499331,/
search,5570.104166666667,/,/,/
recommendation,/,119.39112903225806,/,/
user,/,/,19.490326884589727,19.587264150943398
