,HTTP GET /hotels,HTTP GET /recommendations,HTTP POST /reservation,HTTP POST /user
frontend,11255.697333333334,10462.949333333334,12450.982666666667,5180.4186666666665
geo,132.12298387096774,/,/,/
profile,15.489333333333333,719.8136729222521,/,/
rate,3586.5774365821094,/,/,/
reservation,7657.2254180602,/,25559.96581769437,/
search,3487.869623655914,/,/,/
recommendation,/,42.82329317269076,/,/
user,/,/,17.509333333333334,16.086666666666666
