,HTTP GET /hotels,HTTP GET /recommendations,HTTP POST /reservation,HTTP POST /user
frontend,26725.959333333332,13746.302666666666,18113.402,4124.489333333333
geo,99.88404825737265,/,/,/
profile,21.925101214574898,866.03418230563,/,/
rate,2835.864247311828,/,/,/
reservation,15602.020053475935,/,232632.50845165653,/
search,2820.368209255533,/,/,/
recommendation,/,39.28829431438127,/,/
user,/,/,14.338753387533876,22.242323097463284
