,HTTP GET /hotels,HTTP GET /recommendations,HTTP POST /reservation,HTTP POST /user
frontend,23548.120666666666,7177.785714285715,18411.841333333334,3594.6893333333333
geo,114.68624833110815,/,/,/
profile,17.516666666666666,986.2067669172932,/,/
rate,2618.7746666666667,/,/,/
reservation,49589.65866666667,/,16660.406666666666,/
search,3258.1062124248497,/,/,/
recommendation,/,51.10188679245283,/,/
user,/,/,14.09,14.322860962566844
