,HTTP GET /hotels,HTTP GET /recommendations,HTTP POST /reservation,HTTP POST /user
frontend,64852.32466666667,2146.922,47112.62933333333,1183.3526666666667
geo,89.43133333333333,/,/,/
profile,16.806648575305292,443.48352387357096,/,/
rate,1130.3501683501684,/,/,/
reservation,138663.20498988536,/,63413.66127946128,/
search,1854.8816844919786,/,/,/
recommendation,/,78.84635938543754,/,/
user,/,/,15.232214765100672,16.94425560842964
