,HTTP GET /hotels,HTTP GET /recommendations,HTTP POST /reservation,HTTP POST /user
frontend,50767.933333333334,2194.6573116691284,34362.17866666667,941.1189562547967
geo,100.12483311081442,/,/,/
profile,173.22341137123746,644.147102526003,/,/
rate,1501.6827632461436,/,/,/
reservation,117773.90581162325,/,224131.77620967742,/
search,1977.2068045363576,/,/,/
recommendation,/,56.48744460856721,/,/
user,/,/,18.11541027351568,17.50654349499615
