,HTTP GET /hotels,HTTP GET /recommendations,HTTP POST /reservation,HTTP POST /user
frontend,28851.060666666668,1829.8646666666666,21916.968,797.7866666666666
geo,116.99865501008742,/,/,/
profile,196.52768284347232,502.5466666666667,/,/
rate,1264.7349152542372,/,/,/
reservation,72367.366,/,115944.97733333333,/
search,1927.774149659864,/,/,/
recommendation,/,35.536,/,/
user,/,/,21.6021650879567,22.122
