,HTTP GET /hotels,HTTP GET /recommendations,HTTP POST /reservation,HTTP POST /user
frontend,16899.682666666668,10392.018666666667,13022.880666666666,5591.428666666667
geo,136.68350168350167,/,/,/
profile,19.441276306856754,815.7333333333333,/,/
rate,3864.3556457065583,/,/,/
reservation,9672.786336235768,/,3802.1308539944903,/
search,3724.0828282828284,/,/,/
recommendation,/,43.512016021361816,/,/
user,/,/,12.667128027681661,13.801068090787718
