,HTTP GET /hotels,HTTP GET /recommendations,HTTP POST /reservation,HTTP POST /user
frontend,57630.82133333333,2232.634666666667,44226.43666666667,1278.916
geo,93.29733333333333,/,/,/
profile,18.293916609706084,451.0486486486486,/,/
rate,1169.9377958079783,/,/,/
reservation,103977.80719619824,/,70537.07133333334,/
search,1968.1409395973155,/,/,/
recommendation,/,33.857047428189716,/,/
user,/,/,14.472666666666667,14.887020847343646
