,HTTP GET /hotels,HTTP GET /recommendations,HTTP POST /reservation,HTTP POST /user
frontend,35239.116,14602.898,20587.558,4249.445333333333
geo,110.07295850066934,/,/,/
profile,56.653333333333336,783.3605671843349,/,/
rate,3321.4472630173564,/,/,/
reservation,19188.20694259012,/,122542.35924932976,/
search,3351.1151271753683,/,/,/
recommendation,/,40.48866666666667,/,/
user,/,/,13.508010680907876,14.19
