{
    "HTTP GET /hotels": {
        "average": [
            130456.414,
            61222.05533333333,
            48020.67866666667,
            26052.120666666666,
            44675.611333333334,
            62532.576,
            34172.84733333333,
            172047.37266666666,
            79130.60533333334,
            62925.56333333333,
            104649.488,
            162690.948,
            161887.55466666666,
            167411.35266666667,
            147225.27933333334,
            204874.07266666667
        ],
        "normal": [
            80682.62518518518,
            43328.1,
            32405.69185185185,
            17848.825185185186,
            29361.083703703705,
            45998.328148148146,
            23927.723703703705,
            122937.86666666667,
            44289.70962962963,
            31904.44148148148,
            64009.83851851852,
            107561.38888888889,
            103257.01925925926,
            114160.71851851852,
            97981.21407407407,
            134017.00518518517
        ],
        "tail": [
            578420.5133333333,
            222267.65333333332,
            188555.56,
            99881.78,
            182506.36,
            211340.80666666667,
            126378.96,
            614032.9266666666,
            392698.6666666667,
            342115.66,
            470406.3333333333,
            658856.98,
            689562.3733333333,
            646667.06,
            590421.8666666667,
            842587.68
        ]
    },
    "HTTP GET /recommendations": {
        "average": [
            2427.423333333333,
            15416.824666666667,
            14646.875333333333,
            11221.576,
            14852.251333333334,
            13975.513333333334,
            11251.206,
            2891.485967503693,
            8214.902255639097,
            8680.623909249563,
            2367.9473333333335,
            2711.458666666667,
            2578.6233333333334,
            2441.017333333333,
            2820.729333333333,
            2665.250666666667
        ],
        "normal": [
            1931.9051851851852,
            6651.152592592593,
            5992.074074074074,
            5648.80074074074,
            6342.361481481482,
            5510.213333333333,
            6190.924444444445,
            2267.7389162561576,
            5412.154649947754,
            5991.3191076624635,
            1735.9688888888888,
            2180.9792592592594,
            2012.351111111111,
            1786.3237037037038,
            2013.6955555555555,
            1953.1096296296296
        ],
        "tail": [
            6887.086666666667,
            94307.87333333334,
            92540.08666666667,
            61376.55333333334,
            91441.26,
            90163.21333333333,
            56793.74,
            8477.691176470587,
            33282.46728971963,
            32790.82608695652,
            8055.753333333333,
            7485.7733333333335,
            7675.073333333334,
            8333.26,
            10084.033333333333,
            9074.52
        ]
    },
    "HTTP POST /reservation": {
        "average": [
            121988.382,
            142489.848,
            247503.16466666668,
            37892.138,
            59387.38133333333,
            46208.367333333335,
            16715.546,
            256719.004,
            35086.338,
            27039.854666666666,
            137883.23066666667,
            114777.98066666667,
            119703.978,
            108893.59733333334,
            100359.48666666666,
            109907.28466666667
        ],
        "normal": [
            84967.67037037037,
            62066.49185185185,
            73408.77555555555,
            15449.559259259258,
            24780.05185185185,
            28752.29703703704,
            10101.746666666666,
            87971.77037037037,
            21811.43851851852,
            15541.74,
            88047.44074074074,
            90433.79111111112,
            89048.74,
            84109.4637037037,
            76040.41703703704,
            80767.2688888889
        ],
        "tail": [
            455174.7866666667,
            866300.0533333333,
            1814352.6666666667,
            239875.34666666668,
            370853.3466666667,
            203313.0,
            76239.74,
            1775444.1066666667,
            154560.43333333332,
            130522.88666666667,
            586405.34,
            333875.68666666665,
            395601.12,
            331950.8,
            319231.11333333334,
            372167.4266666667
        ]
    },
    "HTTP POST /user": {
        "average": [
            918.18,
            4263.635333333334,
            4146.702,
            5196.5053333333335,
            7720.061333333333,
            6626.058,
            5605.211333333334,
            958.5717574827322,
            3608.974,
            3478.758,
            819.9086666666667,
            1293.674,
            1133.4946666666667,
            974.8306666666666,
            1267.7513333333334,
            1199.9693333333332
        ],
        "normal": [
            634.3088888888889,
            1154.7925925925927,
            1140.9281481481482,
            2240.4903703703703,
            2361.412592592593,
            1765.4977777777779,
            2372.4474074074074,
            665.4880546075085,
            1805.5311111111112,
            1982.3496296296296,
            568.1051851851852,
            834.6325925925926,
            769.0148148148148,
            677.2592592592592,
            781.3985185185185,
            821.7748148148148
        ],
        "tail": [
            3473.02,
            32243.22,
            31198.666666666668,
            31800.64,
            55947.9,
            50371.1,
            34700.08666666667,
            3580.664122137405,
            19839.96,
            16946.433333333334,
            3086.14,
            5425.046666666667,
            4413.8133333333335,
            3652.9733333333334,
            5644.926666666666,
            4603.72
        ]
    }
}