{
    "HTTP GET /hotels": {
        "average": [
            210596.6344,
            397067.2404
        ],
        "normal": [
            105342.84688888889,
            312230.3191111111
        ],
        "tail": [
            1157880.722,
            1160599.532
        ]
    },
    "HTTP GET /recommendations": {
        "average": [
            11167.1194,
            2252.9179
        ],
        "normal": [
            2942.197888888889,
            1468.1192222222223
        ],
        "tail": [
            85191.413,
            9316.106
        ]
    },
    "HTTP POST /reservation": {
        "average": [
            79253.1047,
            5940.5199
        ],
        "normal": [
            48677.16588888889,
            3259.4758888888887
        ],
        "tail": [
            354436.554,
            30069.916
        ]
    },
    "HTTP POST /user": {
        "average": [
            4861.4815,
            845.6305
        ],
        "normal": [
            865.4861111111111,
            488.9654444444445
        ],
        "tail": [
            40825.44,
            4055.616
        ]
    }
}