{
    "HTTP GET /hotels": {
        "average": [
            293827.5626666667,
            160474.803,
            166574.38316666667,
            123341.02216666666,
            89114.712,
            157439.699,
            180911.73666666666,
            120249.78183333333,
            166234.77583333335,
            160853.3645,
            112743.67166666666,
            159556.29083333333,
            139499.557,
            114298.79233333333,
            160270.92933333333,
            156930.962
        ],
        "normal": [
            214718.7212962963,
            81243.71629629629,
            116086.92666666667,
            79592.84148148148,
            48796.62018518519,
            110868.2237037037,
            122347.34129629629,
            57729.484444444446,
            114708.7612962963,
            105683.95518518519,
            55354.726111111115,
            109517.475,
            89765.65148148149,
            58292.80944444444,
            109691.54629629629,
            107664.77388888889
        ],
        "tail": [
            1005807.135,
            873554.5833333334,
            620961.4916666667,
            517074.6483333333,
            451977.53833333333,
            576582.9766666667,
            707991.295,
            682932.4583333334,
            629968.9066666666,
            657378.0483333333,
            629244.1816666666,
            609905.6333333333,
            587104.7066666667,
            618352.6383333333,
            615485.3766666667,
            600326.655
        ]
    },
    "HTTP GET /recommendations": {
        "average": [
            1533.667,
            2031.3205,
            2374.1095,
            9000.141666666666,
            10219.636166666667,
            5764.820333333333,
            2824.6961666666666,
            6581.447166666667,
            6509.399333333334,
            4171.232333333333,
            6064.1975,
            3646.291833333333,
            5024.3475,
            7242.426666666666,
            5543.6286666666665,
            6306.295
        ],
        "normal": [
            1237.6425925925926,
            1356.117962962963,
            1462.0870370370371,
            4047.9014814814814,
            4862.57425925926,
            2414.07962962963,
            1570.6912962962963,
            2524.859259259259,
            2335.5203703703705,
            1731.0318518518518,
            2409.0490740740743,
            1707.6516666666666,
            1977.4231481481481,
            2815.618148148148,
            2085.673888888889,
            2307.4338888888888
        ],
        "tail": [
            4197.886666666666,
            8108.143333333333,
            10582.311666666666,
            53570.30333333334,
            58433.193333333336,
            35921.486666666664,
            14110.74,
            43090.738333333335,
            44074.31,
            26133.036666666667,
            38960.53333333333,
            21094.053333333333,
            32446.666666666668,
            47083.70333333333,
            36665.221666666665,
            42296.045
        ]
    },
    "HTTP POST /reservation": {
        "average": [
            47715.97233333333,
            67781.05683333334,
            34219.68433333333,
            44934.902,
            30046.292666666668,
            15855.794166666667,
            31338.1655,
            29854.8335,
            15589.482833333333,
            25922.083333333332,
            25740.54366666667,
            13893.492166666667,
            26270.02,
            25517.19,
            13369.912666666667,
            24311.581
        ],
        "normal": [
            23443.978148148148,
            41729.447962962964,
            14652.69462962963,
            19782.77296296296,
            15568.983888888888,
            6210.5114814814815,
            15747.908703703704,
            16427.423148148147,
            5883.6364814814815,
            13885.052592592592,
            14004.502037037037,
            4671.325925925926,
            14970.294444444444,
            14056.360925925926,
            4598.1738888888885,
            14120.306111111111
        ],
        "tail": [
            266163.92,
            302245.5366666667,
            210322.59166666667,
            271304.06333333335,
            160342.07166666666,
            102663.33833333333,
            171650.47666666665,
            150701.52666666667,
            102942.1,
            134255.36,
            131364.91833333333,
            96892.98833333333,
            127967.55,
            128664.65166666667,
            92315.56166666666,
            116033.055
        ]
    },
    "HTTP POST /user": {
        "average": [
            530.6978333333333,
            638.6135,
            877.2073333333333,
            1059.2146666666667,
            1010.6123333333334,
            866.5598333333334,
            825.6918333333333,
            1009.5691666666667,
            1047.6183333333333,
            750.2036666666667,
            856.5005,
            817.4306666666666,
            771.6048333333333,
            837.8471666666667,
            1129.3536666666666,
            1100.6433333333334
        ],
        "normal": [
            390.5242592592593,
            450.4259259259259,
            501.9766666666667,
            569.8485185185185,
            582.9740740740741,
            529.044074074074,
            505.8837037037037,
            615.4492592592593,
            625.2346296296296,
            485.19351851851854,
            551.0492592592593,
            507.9601851851852,
            498.4737037037037,
            562.4475925925926,
            562.6631481481481,
            560.8931481481482
        ],
        "tail": [
            1792.26,
            2332.3016666666667,
            4254.283333333334,
            5463.51,
            4859.356666666667,
            3904.201666666667,
            3703.965,
            4556.6483333333335,
            4849.071666666667,
            3135.295,
            3605.5616666666665,
            3602.665,
            3229.785,
            3316.443333333333,
            6229.568333333334,
            5958.395
        ]
    }
}