{
    "HTTP GET /hotels": {
        "average": [
            182584.1013,
            234324.4921
        ],
        "normal": [
            86409.161,
            133036.25311111112
        ],
        "tail": [
            1048158.564,
            1145918.643
        ]
    },
    "HTTP GET /recommendations": {
        "average": [
            7770.4268,
            9472.1681
        ],
        "normal": [
            2517.317888888889,
            3054.522111111111
        ],
        "tail": [
            55048.407,
            67230.982
        ]
    },
    "HTTP POST /reservation": {
        "average": [
            47879.9885,
            41886.2352
        ],
        "normal": [
            25332.217777777776,
            20161.095444444443
        ],
        "tail": [
            250809.925,
            237412.493
        ]
    },
    "HTTP POST /user": {
        "average": [
            4341.769,
            3833.5959
        ],
        "normal": [
            759.9293333333334,
            735.4563333333333
        ],
        "tail": [
            36578.326,
            31716.852
        ]
    }
}