hour,rate
0,650.7142857142857
1,514.2857142857143
2,267.85714285714283
3,272.7142857142857
4,322.14285714285717
5,335.85714285714283
6,338.0
7,440.0
8,438.14285714285717
9,458.57142857142856
10,585.2857142857143
11,677.7142857142857
12,530.2857142857143
13,465.85714285714283
14,537.0
15,523.1428571428571
16,500.57142857142856
17,615.5714285714286
18,486.0
19,366.85714285714283
20,439.7142857142857
21,391.42857142857144
22,395.14285714285717
23,345.85714285714283
24,650.7142857142857
