{
    "HTTP GET /hotels": {
        "average": [
            310273.5329,
            305807.9013
        ],
        "normal": [
            184090.25922222223,
            204230.28677777777
        ],
        "tail": [
            1445922.996,
            1220006.432
        ]
    },
    "HTTP GET /recommendations": {
        "average": [
            7961.9406,
            5933.2513
        ],
        "normal": [
            2277.081777777778,
            2094.007666666667
        ],
        "tail": [
            59125.67,
            40486.444
        ]
    },
    "HTTP POST /reservation": {
        "average": [
            170406.7847,
            91578.6447
        ],
        "normal": [
            89777.65677777778,
            39707.830444444444
        ],
        "tail": [
            896068.936,
            558415.973
        ]
    },
    "HTTP POST /user": {
        "average": [
            3761.9409,
            2435.6501
        ],
        "normal": [
            697.2542222222222,
            650.3437777777777
        ],
        "tail": [
            31344.121,
            18503.407
        ]
    }
}