,HTTP GET /hotels,HTTP GET /recommendations,HTTP POST /reservation,HTTP POST /user
frontend,107912.818,3424.167918088737,69372.508,1016.7653333333334
geo,140.67911941294196,/,/,/
profile,648.1069518716578,2228.883116883117,/,/
rate,1231.496316141996,/,/,/
reservation,165061.8026755853,/,66239.19274680995,/
search,5478.789192795197,/,/,/
recommendation,/,41.836860068259384,/,/
user,/,/,13.15528781793842,13.885771543086172
