,HTTP GET /hotels,HTTP GET /recommendations,HTTP POST /reservation,HTTP POST /user
frontend,97700.28066666667,3949.17,69115.35666666667,1032.1893333333333
geo,140.70666666666668,/,/,/
profile,305.702,2212.6995273463876,/,/
rate,1348.0176032498307,/,/,/
reservation,138206.16048550236,/,36801.90915208614,/
search,6017.696,/,/,/
recommendation,/,38.90421969189551,/,/
user,/,/,13.234,12.138647019423978
