,HTTP GET /hotels,HTTP GET /recommendations,HTTP POST /reservation,HTTP POST /user
frontend,105996.574,3657.945558739255,77018.214,987.748
geo,145.4916275954454,/,/,/
profile,704.8519269776876,2352.9434097421204,/,/
rate,1286.6806666666666,/,/,/
reservation,151914.23866666667,/,50480.789509078684,/
search,6067.726230613621,/,/,/
recommendation,/,50.67098632109431,/,/
user,/,/,16.522666666666666,12.5407813570939
