,HTTP GET /hotels,HTTP GET /recommendations,HTTP POST /reservation,HTTP POST /user
frontend,115476.96066666667,2254.27057793345,92639.60266666667,1028.7366666666667
geo,144.058,/,/,/
profile,59.78304405874499,482.19876868953384,/,/
rate,735.3993333333333,/,/,/
reservation,150800.49866666668,/,60840.266,/
search,2039.4846666666667,/,/,/
recommendation,/,45.24534986713906,/,/
user,/,/,13.501333333333333,13.496965610249495
