,HTTP GET /hotels,HTTP GET /recommendations,HTTP POST /reservation,HTTP POST /user
frontend,95493.56266666666,4522.39243697479,66401.576,1890.802
geo,254.52266666666668,/,/,/
profile,633.9845844504022,2813.6022052586936,/,/
rate,1172.1986666666667,/,/,/
reservation,127770.63489932886,/,69240.9542087542,/
search,6007.219168900804,/,/,/
recommendation,/,46.99830220713073,/,/
user,/,/,14.156166219839141,13.466
