,HTTP GET /hotels,HTTP GET /recommendations,HTTP POST /reservation,HTTP POST /user
frontend,97607.30133333334,2753.9436813186812,70828.37933333333,1026.164
geo,119.68933333333334,/,/,/
profile,63.513333333333335,452.885989010989,/,/
rate,818.8866396761133,/,/,/
reservation,141416.8575268817,/,35291.731292517004,/
search,1922.1946666666668,/,/,/
recommendation,/,44.24415405777167,/,/
user,/,/,13.008,11.967333333333332
