,HTTP GET /hotels,HTTP GET /recommendations,HTTP POST /reservation,HTTP POST /user
frontend,103439.85333333333,2310.0146666666665,66245.156,1007.12
geo,147.26,/,/,/
profile,84.78333333333333,442.37029569892474,/,/
rate,882.6470189701897,/,/,/
reservation,150894.62542258282,/,45295.598,/
search,2068.74,/,/,/
recommendation,/,36.026,/,/
user,/,/,13.283031522468143,12.112967914438503
