,HTTP GET /hotels,HTTP GET /recommendations,HTTP POST /reservation,HTTP POST /user
frontend,99841.59933333333,2299.4333333333334,73440.38533333334,830.0286666666667
geo,125.7752508361204,/,/,/
profile,97.3,763.6492985971944,/,/
rate,812.5946666666666,/,/,/
reservation,144880.716,/,45695.10227272727,/
search,2562.0073627844713,/,/,/
recommendation,/,41.04043126684636,/,/
user,/,/,11.126259234385493,11.537223340040242
