,HTTP GET /hotels,HTTP GET /recommendations,HTTP POST /reservation,HTTP POST /user
frontend,110023.09933333333,3711.3434178250204,79055.778,929.9973333333334
geo,144.5738142952572,/,/,/
profile,90.16308724832214,905.5976331360947,/,/
rate,786.1966666666667,/,/,/
reservation,151320.061827957,/,70483.70738440304,/
search,2091.0409121395037,/,/,/
recommendation,/,42.00494641384996,/,/
user,/,/,13.693649685973483,13.744709897610921
