,HTTP GET /hotels,HTTP GET /recommendations,HTTP POST /reservation,HTTP POST /user
frontend,86097.03333333334,3417.492040520984,68936.33933333334,1199.1946666666668
geo,127.31087391594396,/,/,/
profile,66.32286096256685,1619.8515568428675,/,/
rate,766.3533783783784,/,/,/
reservation,116333.79113498992,/,54141.29266666667,/
search,1958.2343124165554,/,/,/
recommendation,/,44.368306801736615,/,/
user,/,/,11.69709263015551,12.289041095890411
