,HTTP GET /hotels,HTTP GET /recommendations,HTTP POST /reservation,HTTP POST /user
frontend,96841.26,2926.1833333333334,75393.752,1013.5466666666666
geo,136.79133333333334,/,/,/
profile,78.526,1924.523745819398,/,/
rate,730.2846666666667,/,/,/
reservation,125267.67333333334,/,47946.14691943128,/
search,1914.166,/,/,/
recommendation,/,40.891333333333336,/,/
user,/,/,11.330103806228374,15.527833668678738
