,HTTP GET /hotels,HTTP GET /recommendations,HTTP POST /reservation,HTTP POST /user
frontend,95756.54733333334,2953.914576802508,69957.19666666667,1085.062
geo,137.70521390374333,/,/,/
profile,97.19731543624161,2039.1525157232704,/,/
rate,771.9253333333334,/,/,/
reservation,114562.00202020202,/,73348.27867746289,/
search,2760.525787006028,/,/,/
recommendation,/,43.27037617554859,/,/
user,/,/,12.352705410821644,12.679144385026738
