,HTTP GET /hotels,HTTP GET /recommendations,HTTP POST /reservation,HTTP POST /user
frontend,31314.524,12275.575389948008,27296.626666666667,4528.367728531856
geo,182.15606162089753,/,/,/
profile,37.276923076923076,1008.0961871750434,/,/
rate,1208.9613333333334,/,/,/
reservation,57966.53533333333,/,26296.65327978581,/
search,3643.49765258216,/,/,/
recommendation,/,61.48613518197573,/,/
user,/,/,15.022727272727273,14.674515235457063
