,HTTP GET /hotels,HTTP GET /recommendations,HTTP POST /reservation,HTTP POST /user
frontend,108265.2,4062.265870052278,86225.34933333333,1577.4113333333332
geo,136.80173564753005,/,/,/
profile,59.3855421686747,2417.7318894697537,/,/
rate,843.626,/,/,/
reservation,157254.212,/,49327.54851752021,/
search,2031.1493636972539,/,/,/
recommendation,/,42.01800450112528,/,/
user,/,/,12.118126272912424,15.634718498659517
