,HTTP GET /hotels,HTTP GET /recommendations,HTTP POST /reservation,HTTP POST /user
frontend,107271.40933333333,4070.353171495693,76117.014,1318.5913333333333
geo,127.43010033444816,/,/,/
profile,65.2904953145917,1681.6593578700079,/,/
rate,807.9393333333334,/,/,/
reservation,159084.0154155496,/,66766.34823215476,/
search,1918.8401337792643,/,/,/
recommendation,/,45.80031570639306,/,/
user,/,/,11.864666666666666,12.837240455458808
