,HTTP GET /hotels,HTTP GET /recommendations,HTTP POST /reservation,HTTP POST /user
frontend,121764.47466666666,4234.531930879039,83419.47533333334,1468.09
geo,206.896,/,/,/
profile,418.7826086956522,2183.0972434915775,/,/
rate,1332.588,/,/,/
reservation,164341.8619302949,/,48867.14777327935,/
search,6118.010673782522,/,/,/
recommendation,/,45.85962264150943,/,/
user,/,/,16.276755282890253,14.786049631120054
