,HTTP GET /hotels,HTTP GET /recommendations,HTTP POST /reservation,HTTP POST /user
frontend,45318.952,9269.856477166823,30778.823333333334,4035.995038979447
geo,169.638,/,/,/
profile,44.776,2042.6402609506058,/,/
rate,1005.7293333333333,/,/,/
reservation,91051.59733333334,/,28830.899333333335,/
search,2961.289333333333,/,/,/
recommendation,/,47.89561975768872,/,/
user,/,/,14.192900200937709,14.69593147751606
