,HTTP GET /hotels,HTTP GET /recommendations,HTTP POST /reservation,HTTP POST /user
frontend,65280.97666666667,6612.122746185853,46699.244,2563.43
geo,176.85447263017357,/,/,/
profile,107.47357859531773,1592.0319001386963,/,/
rate,1315.596,/,/,/
reservation,93873.09863013698,292.0,20785.007333333335,/
search,5065.779421654338,/,/,/
recommendation,/,49.44521497919556,/,/
user,/,5.0,15.899333333333333,12.684666666666667
