,HTTP GET /hotels,HTTP GET /recommendations,HTTP POST /reservation,HTTP POST /user
frontend,87599.68933333333,2598.8917631041527,65094.05133333334,801.5893333333333
geo,174.8570474281897,/,/,/
profile,597.7118871725991,1552.416609938734,/,/
rate,1269.156,/,/,/
reservation,124436.43272481406,/,80613.17859531773,/
search,5966.291079812207,/,/,/
recommendation,/,41.361585782638414,/,/
user,/,/,12.569333333333333,11.912
