,HTTP GET /hotels,HTTP GET /recommendations,HTTP POST /reservation,HTTP POST /user
frontend,41101.651333333335,3590.464504820333,36260.799333333336,1728.1413333333333
geo,134.7234899328859,/,/,/
profile,49.826845637583894,454.6827344434706,/,/
rate,1098.4946666666667,/,/,/
reservation,80655.3561827957,/,40850.543333333335,/
search,2945.4123572867697,/,/,/
recommendation,/,43.89044697633655,/,/
user,/,/,11.755333333333333,11.915333333333333
