,HTTP GET /hotels,HTTP GET /recommendations,HTTP POST /reservation,HTTP POST /user
frontend,99534.61066666666,3011.748666666667,73325.41933333334,1149.5526666666667
geo,127.64666666666666,/,/,/
profile,72.56266666666667,2391.020013342228,/,/
rate,867.8906666666667,/,/,/
reservation,136213.56933333335,/,42968.82,/
search,2067.2186666666666,/,/,/
recommendation,/,35.800666666666665,/,/
user,/,/,11.464646464646465,15.42904953145917
