,HTTP GET /hotels,HTTP GET /recommendations,HTTP POST /reservation,HTTP POST /user
frontend,72622.30666666667,3697.427601809955,52222.890666666666,2096.1653333333334
geo,125.20445344129554,/,/,/
profile,55.835477318889644,464.13800904977376,/,/
rate,778.416,/,/,/
reservation,113671.91751183232,/,51767.88428093646,/
search,1981.3416610398378,/,/,/
recommendation,/,47.64630467571644,/,/
user,/,/,12.71505016722408,15.688085676037483
