,HTTP GET /hotels,HTTP GET /recommendations,HTTP POST /reservation,HTTP POST /user
frontend,86061.65666666666,3294.617333333333,61878.05533333333,1358.264
geo,121.04666666666667,/,/,/
profile,72.20733333333334,433.8581989247312,/,/
rate,703.3526666666667,/,/,/
reservation,109671.398,/,35164.65540540541,/
search,1855.8313333333333,/,/,/
recommendation,/,42.0033422459893,/,/
user,/,/,10.84,12.983333333333333
