,HTTP GET /hotels,HTTP GET /recommendations,HTTP POST /reservation,HTTP POST /user
frontend,95081.23666666666,3812.1,69959.17866666666,1232.854
geo,124.37742150968604,/,/,/
profile,52.51772575250836,1581.5133868808568,/,/
rate,725.844,/,/,/
reservation,113587.99391891892,/,39545.041333333334,/
search,1951.5919463087248,/,/,/
recommendation,/,38.303030303030305,/,/
user,/,/,13.352310783657066,11.870060281312792
