,HTTP GET /hotels,HTTP GET /recommendations,HTTP POST /reservation,HTTP POST /user
frontend,101625.50866666666,2643.7366666666667,76595.782,1049.5173333333332
geo,130.42379679144386,/,/,/
profile,79.64150943396227,794.0725319006044,/,/
rate,787.1466666666666,/,/,/
reservation,130375.96546961326,/,50995.95608108108,/
search,2029.0584284754868,/,/,/
recommendation,/,38.4654594232059,/,/
user,/,/,13.896,13.403743315508022
