{
    "HTTP GET /hotels": {
        "average": [
            212672.83266666665,
            218150.67333333334,
            125295.416,
            140551.982,
            94314.894,
            230314.648,
            263030.01866666664,
            187453.272,
            268412.4766666667,
            203986.394,
            279904.51066666667,
            269256.10466666665,
            230345.17066666667,
            268577.40533333336,
            266030.8406666667,
            248302.872,
            255190.99466666667,
            224968.70133333333,
            209994.35466666668,
            242126.99933333334,
            240757.50133333332,
            198485.49266666666,
            238883.49866666668,
            163230.542,
            293091.27733333333
        ],
        "normal": [
            159437.51333333334,
            160551.71555555557,
            73931.83555555556,
            76073.17259259259,
            55118.84888888889,
            163778.11333333334,
            194375.04592592592,
            128677.31925925925,
            192644.17703703704,
            146894.43703703705,
            210900.48444444445,
            197540.45407407408,
            174739.83555555556,
            195372.99037037036,
            195014.72814814816,
            181020.07333333333,
            189381.9748148148,
            166815.3925925926,
            158017.92962962962,
            177544.9562962963,
            181405.87037037036,
            139510.07925925925,
            174240.34666666668,
            106200.78962962962,
            217919.37037037036
        ],
        "tail": [
            691790.7066666667,
            736541.2933333333,
            587567.64,
            720861.2666666667,
            447079.3,
            829143.46,
            880924.7733333333,
            716436.8466666667,
            950327.1733333333,
            717814.0066666667,
            900940.7466666667,
            914696.96,
            730793.1866666666,
            927417.14,
            905175.8533333334,
            853848.06,
            847472.1733333333,
            748348.48,
            677782.18,
            823365.3866666667,
            774922.18,
            729264.2133333334,
            820671.8666666667,
            676498.3133333334,
            969638.44
        ]
    },
    "HTTP GET /recommendations": {
        "average": [
            5029.94514106583,
            4192.501021102791,
            4089.0376862401404,
            11360.392357875116,
            13345.157712305027,
            7356.510924369748,
            4628.983646770237,
            4209.211915535445,
            5797.454189506656,
            5080.539797395079,
            5691.845051194539,
            2779.088441330998,
            3470.2206666666666,
            6521.827483196415,
            6061.305873925501,
            3102.158,
            2784.872,
            4885.183333333333,
            5425.207333333334,
            6172.564666666667,
            3251.0130494505493,
            3766.896,
            5436.975333333334,
            8268.301664355062,
            6422.277235161533
        ],
        "normal": [
            2049.787456445993,
            2048.254160363086,
            2691.11306042885,
            5322.431088082902,
            6850.733140655106,
            2875.281045751634,
            2259.190909090909,
            2384.685666387259,
            2371.2045256744996,
            2308.058728881738,
            2172.640364188164,
            2106.5511197663095,
            2071.5762962962963,
            2345.936929460581,
            2476.2571656050955,
            1976.2940740740742,
            2044.5866666666666,
            2193.0666666666666,
            2234.908148148148,
            2220.0533333333333,
            2094.1503816793893,
            2069.7185185185185,
            2174.7014814814816,
            2997.289128758674,
            2602.939014202172
        ],
        "tail": [
            31758.234375,
            23476.136054421768,
            16560.956521739132,
            65310.694444444445,
            71459.06034482758,
            47687.57983193277,
            25822.252032520326,
            20575.075187969924,
            36553.3984375,
            29873.30215827338,
            37244.986394557825,
            8785.139130434784,
            16058.02,
            44073.67910447761,
            38224.31428571429,
            13234.933333333332,
            9447.44,
            29114.233333333334,
            34137.9,
            41745.166666666664,
            13631.082191780823,
            19041.493333333332,
            34797.44,
            55416.6,
            40539.798507462685
        ]
    },
    "HTTP POST /reservation": {
        "average": [
            142437.624,
            145451.08866666668,
            77123.098,
            59623.84933333333,
            53503.076,
            134964.20133333333,
            147156.08666666667,
            103830.888,
            142850.716,
            123089.16533333334,
            135139.04933333333,
            153493.37,
            126925.688,
            135038.63733333335,
            127078.026,
            119024.616,
            111553.95733333334,
            122615.63933333334,
            109517.51,
            105587.01533333333,
            105427.284,
            96584.68866666667,
            116305.58933333334,
            67500.15066666667,
            131716.136
        ],
        "normal": [
            113370.57185185186,
            115582.43037037038,
            49107.47925925926,
            33702.776296296295,
            31740.14222222222,
            101553.41555555556,
            113130.70074074074,
            78856.81407407408,
            109195.39703703704,
            95879.23851851851,
            101656.35629629629,
            119216.01555555555,
            99176.50444444445,
            101617.71185185185,
            95561.29407407407,
            91833.12592592592,
            84253.3725925926,
            93443.18814814815,
            86166.85407407407,
            80681.14222222222,
            81943.65629629629,
            75256.35481481481,
            83797.44074074074,
            46175.17851851852,
            100681.75407407408
        ],
        "tail": [
            404041.0933333333,
            414269.0133333333,
            329263.6666666667,
            292913.50666666665,
            249369.48,
            435661.2733333333,
            453384.56,
            328597.55333333334,
            445748.58666666667,
            367978.50666666665,
            436483.2866666667,
            461989.56,
            376668.34,
            435826.9666666667,
            410728.61333333334,
            363748.0266666667,
            357259.22,
            385167.7,
            319673.41333333333,
            329739.87333333335,
            316779.93333333335,
            288539.69333333336,
            408878.9266666667,
            259424.9,
            411025.5733333333
        ]
    },
    "HTTP POST /user": {
        "average": [
            1097.7073333333333,
            813.5013333333334,
            1740.0566666666666,
            4050.586817859674,
            4543.042243767313,
            1904.268,
            943.4213333333333,
            2111.7906666666668,
            1331.3686666666667,
            1211.156,
            1030.6233333333332,
            1042.0806666666667,
            1062.8853333333334,
            1592.9626666666666,
            999.946,
            841.4966666666667,
            1019.2006666666666,
            1028.9813333333334,
            1244.6686666666667,
            1044.2713333333334,
            1038.1313333333333,
            1371.2473333333332,
            1164.92,
            2576.114666666667,
            1482.7873333333334
        ],