,HTTP GET /hotels,HTTP GET /recommendations,HTTP POST /reservation,HTTP POST /user
frontend,7181.701,4617.6825,5357.67475,1994.716
geo,218.89175,/,/,/
profile,21.94695827048768,951.7546319479219,/,/
rate,8751.600902481825,/,/,/
reservation,17893.68620085149,/,19664.931465732865,/
search,6259.393520843797,/,/,/
recommendation,/,61.608301886792454,/,/
user,/,/,18.48297446169254,17.552328492739107
