,HTTP GET /hotels,HTTP GET /recommendations,HTTP POST /reservation,HTTP POST /user
frontend,81612.6990544506,4065.054183813443,66108.36517628521,1894.5243
geo,91.12096511248777,/,/,/
profile,216.83664819041408,402.0455013147365,/,/
rate,6023.2595370068475,/,/,/
reservation,309747.8477400198,/,109734.7308385031,/
search,3853.8953374633193,/,/,/
recommendation,/,35.485018298261664,/,/
user,/,/,19.14260389994091,19.81972789115646
