{
    "HTTP GET /hotels": {
        "average": [
            312656.197,
            295819.0855
        ],
        "normal": [
            216035.50666666665,
            184684.0771111111
        ],
        "tail": [
            1182242.41,
            1296034.161
        ]
    },
    "HTTP GET /recommendations": {
        "average": [
            6286.5934,
            5109.7316
        ],
        "normal": [
            2654.246111111111,
            2190.456888888889
        ],
        "tail": [
            38977.719,
            31383.204
        ]
    },
    "HTTP POST /reservation": {
        "average": [
            72436.6722,
            136824.0464
        ],
        "normal": [
            27164.435777777777,
            59514.506
        ],
        "tail": [
            479886.8,
            832609.91
        ]
    },
    "HTTP POST /user": {
        "average": [
            1892.7188,
            1659.3146
        ],
        "normal": [
            794.6192222222222,
            673.3686666666666
        ],
        "tail": [
            11775.615,
            10532.828
        ]
    }
}