,HTTP GET /hotels,HTTP GET /recommendations,HTTP POST /reservation,HTTP POST /user
frontend,34981.51625,2930.215,29705.70325,1334.6405
geo,158.5241310327582,/,/,/
profile,27.931,794.4927720010145,/,/
rate,2178.11625,/,/,/
reservation,79623.24424424424,/,15916.771637648246,/
search,3935.703,/,/,/
recommendation,/,46.978343949044586,/,/
user,/,/,27.28410230692076,25.073840725806452
