,HTTP GET /hotels,HTTP GET /recommendations,HTTP POST /reservation,HTTP POST /user
frontend,34327.86925,2828.361,29375.5915,1249.65175
geo,138.37825,/,/,/
profile,24.920526449000253,783.6655671149455,/,/
rate,1717.5041761579348,/,/,/
reservation,71103.69728915663,/,15969.115012722646,/
search,2942.81025,/,/,/
recommendation,/,56.37560233324879,/,/
user,/,/,24.305414979757085,26.092999747283294
