,HTTP GET /hotels,HTTP GET /recommendations,HTTP POST /reservation,HTTP POST /user
frontend,34177.28775,2311.67275,28367.54875,1211.1825
geo,145.16754188547137,/,/,/
profile,25.89225,671.3419403359238,/,/
rate,1579.488,/,/,/
reservation,70059.12178044512,/,45222.57046138415,/
search,2804.77225,/,/,/
recommendation,/,48.62045625470043,/,/
user,/,/,31.067724068479354,26.93139974779319
