,HTTP GET /hotels,HTTP GET /recommendations,HTTP POST /reservation,HTTP POST /user
frontend,31615.2625,2357.12325,27437.053,1153.4375
geo,120.29057264316079,/,/,/
profile,24.901419158641662,698.2566817952597,/,/
rate,1526.4040557667934,/,/,/
reservation,74231.82935410907,/,52300.00950475238,/
search,2720.46175,/,/,/
recommendation,/,53.202269861286254,/,/
user,/,/,23.71125,22.642284569138276
