,HTTP GET /hotels,HTTP GET /recommendations,HTTP POST /reservation,HTTP POST /user
frontend,36564.17275,2351.0545,30622.65975,1246.85
geo,147.41860465116278,/,/,/
profile,27.53611111111111,686.4974987493747,/,/
rate,1782.2793674698796,/,/,/
reservation,79010.87631710988,/,47933.45539080171,/
search,3122.071,/,/,/
recommendation,/,46.24943707780836,/,/
user,/,/,28.96444780635401,24.40475
