,HTTP GET /hotels,HTTP GET /recommendations,HTTP POST /reservation,HTTP POST /user
frontend,30864.09175,3351.44575,26098.558,1274.295
geo,135.12540839406887,/,/,/
profile,240.5499119939653,749.6332414138882,/,/
rate,1524.5431229570029,/,/,/
reservation,55095.1667918858,/,61193.9929524289,/
search,2949.526832955404,/,/,/
recommendation,/,49.79869641514164,/,/
user,/,/,26.856926570779713,29.26125
