{
    "HTTP GET /hotels": {
        "average": [
            90669.9635,
            103770.35975,
            121119.40675,
            123045.8605,
            113762.0935,
            115410.73525,
            109823.422,
            114887.084,
            120321.0705,
            108773.946,
            111175.005,
            115848.22575,
            117889.4475,
            118305.078,
            122668.85425,
            113397.93225,
            109326.64275,
            109462.9655,
            109937.7105,
            120772.3425
        ],
        "normal": [
            58702.075833333336,
            67714.44833333333,
            75818.82666666666,
            73699.06805555556,
            71890.2663888889,
            69073.75472222222,
            68403.85833333334,
            73265.73777777777,
            76233.53138888889,
            68541.53583333333,
            72264.74027777778,
            77454.94861111112,
            76570.55277777778,
            77362.01972222222,
            78446.45861111111,
            69436.96861111111,
            71274.41722222223,
            70503.55138888888,
            72102.08555555556,
            75688.22555555556
        ],
        "tail": [
            378380.9525,
            428273.5625,
            528824.6275,
            567166.9925,
            490608.5375,
            532443.56,
            482599.495,
            489479.2,
            517108.9225,
            470865.6375,
            461367.3875,
            461387.72,
            489759.5,
            486792.6025,
            520670.415,
            509046.605,
            451796.6725,
            460097.6925,
            450458.335,
            526529.395
        ]
    },
    "HTTP GET /recommendations": {
        "average": [
            4148.67925,
            2961.68575,
            2972.8195,
            2973.7905,
            3237.30725,
            3032.2215,
            3102.1815,
            3031.31075,
            3083.4235,
            3029.65525,
            3252.0685,
            3294.37625,
            3419.40825,
            3440.9545,
            3676.16575,
            3839.44975,
            3310.47625,
            3538.76275,
            3656.03975,
            3759.48375
        ],
        "normal": [
            2696.994166666667,
            2260.4391666666666,
            2304.4555555555557,
            2302.341388888889,
            2387.204166666667,
            2268.4977777777776,
            2303.8216666666667,
            2260.8725,
            2378.9775,
            2197.8816666666667,
            2324.6444444444446,
            2450.8605555555555,
            2502.4608333333335,
            2494.8175,
            2626.1480555555554,
            2558.8386111111113,
            2318.718611111111,
            2382.4513888888887,
            2482.1027777777776,
            2531.1388888888887
        ],
        "tail": [
            17213.845,
            9272.905,
            8988.095,
            9016.8325,
            10888.235,
            9905.735,
            10287.42,
            9965.255,
            9423.4375,
            10515.6175,
            11598.885,
            10886.0175,
            11671.935,
            11956.1875,
            13126.325,
            15364.95,
            12236.295,
            13945.565,
            14221.4725,
            14814.5875
        ]
    },
    "HTTP POST /reservation": {
        "average": [
            86906.1,
            79892.703,
            81666.7465,
            83682.484,
            81856.472,
            80131.02775,
            79734.62375,
            78898.5245,
            78333.18275,
            73485.30175,
            70234.30975,
            65860.68475,
            62992.5155,
            58383.84375,
            56425.62975,
            49754.6655,
            47533.56025,
            45074.53975,
            45089.26075,
            45502.447
        ],
        "normal": [
            65101.061111111114,
            60828.060277777775,
            61901.83111111111,
            62021.52777777778,
            62218.426666666666,
            59190.10138888889,
            58367.54666666667,
            57620.02694444444,
            58552.45222222222,
            52885.325833333336,
            50921.20888888889,
            48812.84305555555,
            44448.18861111111,
            40762.94111111111,
            40055.50388888889,
            35153.423055555555,
            32682.01388888889,
            32369.15027777778,
            32244.981666666667,
            31695.98138888889
        ],
        "tail": [
            283151.45,
            251474.4875,
            259550.985,
            278631.09,
            258598.88,
            268599.365,
            272038.3175,
            270405.0025,
            256359.7575,
            258885.085,
            244052.2175,
            219291.26,
            229891.4575,
            216971.9675,
            203756.7625,
            181165.8475,
            181197.4775,
            159423.045,
            160687.7725,
            169760.6375
        ]
    },
    "HTTP POST /user": {
        "average": [
            1303.55625,
            1087.76925,
            1149.98875,
            1171.3075,
            1174.39025,
            1068.6685,
            1176.0345,
            1073.09275,
            1271.25475,
            1237.87825,
            1179.38325,
            1252.02825,
            1285.9735,
            1227.115,
            1326.98675,
            1262.051,
            1155.65525,
            1196.416,
            1275.46425,
            1359.51375
        ],
        "normal": [
            850.6247222222222,
            746.7822222222222,
            769.5227777777778,
            778.8261111111111,
            798.3508333333333,
            742.2938888888889,
            758.6752777777778,
            742.9188888888889,
            836.6502777777778,
            798.2622222222222,
            795.9191666666667,
            836.3127777777778,
            855.8697222222222,
            830.5655555555555,
            890.1027777777778,
            843.2386111111111,
            782.3216666666667,
            815.1438888888889,
            808.5880555555556,
            836.8705555555556
        ],
        "tail": [
            5379.94,
            4156.6525,
            4574.1825,
            4703.64,
            4558.745,
            4006.04,
            4932.2675,
            4044.6575,
            5182.695,
            5194.4225,
            4630.56,
            4993.4675,
            5156.9075,
            4796.06,
            5258.9425,
            5031.3625,
            4515.6575,
            4627.865,
            5477.35,
            6063.3025
        ]
    }
}