,HTTP GET /hotels,HTTP GET /recommendations,HTTP POST /reservation,HTTP POST /user
frontend,51277.219289074754,1941.644985747603,46868.05472379969,1080.652412531443
geo,101.78634937238493,/,/,/
profile,248.64285714285714,401.0378827192527,/,/
rate,5403.308719560095,/,/,/
reservation,222138.33211009175,/,93250.80530283338,/
search,3003.537918410042,/,/,/
recommendation,/,37.60524266805087,/,/
user,/,/,20.685080020650492,19.223062815222374
