{
    "HTTP GET /hotels": {
        "average": [
            325470.5729,
            265136.7586
        ],
        "normal": [
            219009.92333333334,
            149422.74
        ],
        "tail": [
            1283616.419,
            1306562.926
        ]
    },
    "HTTP GET /recommendations": {
        "average": [
            7124.3902,
            8698.3111
        ],
        "normal": [
            2042.3596666666667,
            2630.1478888888887
        ],
        "tail": [
            52862.665,
            63311.78
        ]
    },
    "HTTP POST /reservation": {
        "average": [
            70448.7602,
            79047.3273
        ],
        "normal": [
            33246.091222222225,
            48592.688888888886
        ],
        "tail": [
            405272.781,
            353139.073
        ]
    },
    "HTTP POST /user": {
        "average": [
            3426.7865,
            3407.5979
        ],
        "normal": [
            652.2536666666666,
            666.0734444444445
        ],
        "tail": [
            28397.582,
            28081.318
        ]
    }
}