,HTTP GET /hotels,HTTP GET /recommendations,HTTP POST /reservation,HTTP POST /user
frontend,15371.47375,9085.72075,14613.04425,4375.9635
geo,105.52698970625157,/,/,/
profile,19.016582914572865,602.799347061778,/,/
rate,101951.696,/,/,/
reservation,17692.51656626506,/,12142.740990990991,/
search,76676.38025,/,/,/
recommendation,/,33.79083166332666,/,/
user,/,/,12.044360902255638,11.505255255255255
