,HTTP GET /hotels,HTTP GET /recommendations,HTTP POST /reservation,HTTP POST /user
frontend,18382.51575,11922.81375,16726.3515,5162.0825
geo,141.936,/,/,/
profile,17.71186440677966,657.1515075376884,/,/
rate,9821.80688096434,/,/,/
reservation,18633.18026183283,/,12044.968592964824,/
search,5767.903460381143,/,/,/
recommendation,/,35.91625,/,/
user,/,/,12.4108488196886,11.704071246819339
