,HTTP GET /hotels,HTTP GET /recommendations,HTTP POST /reservation,HTTP POST /user
frontend,58470.9782,6935.3667,47513.7222,3217.0314
geo,96.32173217321733,/,/,/
profile,27.041224734840906,629.1621,/,/
rate,2330.5977,/,/,/
reservation,210365.19723288226,/,38424.09189572979,/
search,2772.4985985985986,/,/,/
recommendation,/,37.9675,/,/
user,/,/,18.910201221343478,21.62699608315758
