{
    "HTTP GET /hotels": {
        "average": [
            82320.70975,
            136297.80475,
            52687.14125,
            118722.599,
            83133.7775,
            40756.02875,
            35800.455,
            44833.1355,
            46182.876,
            47849.921,
            40235.161,
            50261.80725,
            42591.65425,
            59281.31475,
            47028.63175
        ],
        "normal": [
            42817.239166666666,
            97077.34416666666,
            31598.0525,
            82029.77527777778,
            39390.317777777775,
            25906.50972222222,
            23364.590277777777,
            29185.171388888888,
            28963.120555555557,
            29468.749444444446,
            26292.573888888888,
            32376.569166666668,
            27036.77111111111,
            36706.823333333334,
            28666.91
        ],
        "tail": [
            437851.945,
            489281.95,
            242488.94,
            448958.0125,
            476824.915,
            174401.7,
            147723.2375,
            185664.8125,
            201160.675,
            213280.465,
            165718.445,
            211228.95,
            182585.6025,
            262451.7375,
            212284.1275
        ]
    },
    "HTTP GET /recommendations": {
        "average": [
            4199.66975,
            3331.2235,
            4944.9175,
            3986.02875,
            4360.941,
            4734.7575,
            5710.45925,
            5324.223,
            5514.6145,
            5340.71775,
            5629.23275,
            5379.45375,
            6902.959,
            5370.39225,
            6135.48125
        ],
        "normal": [
            2973.2383333333332,
            2395.2452777777776,
            3454.4991666666665,
            2626.238611111111,
            3137.2238888888887,
            3601.691388888889,
            3952.4319444444445,
            3639.724166666667,
            3937.7244444444445,
            3665.3425,
            4081.1652777777776,
            3558.1233333333334,
            3963.112777777778,
            3653.4205555555554,
            3980.3391666666666
        ],
        "tail": [
            15237.5525,
            11755.0275,
            18358.6825,
            16224.14,
            15374.395,
            14932.3525,
            21532.705,
            20484.7125,
            19706.625,
            20419.095,
            19561.84,
            21771.4275,
            33361.575,
            20823.1375,
            25531.76
        ]
    },
    "HTTP POST /reservation": {
        "average": [
            48140.59422283356,
            37298.94775,
            30236.136,
            15786.107,
            25167.40425,
            21096.23375,
            14550.76625,
            18860.46725,
            20979.84125,
            21584.479,
            25031.229,
            20113.81725,
            17835.02625,
            15802.2,
            12385.40125
        ],
        "normal": [
            27936.886129155522,
            14102.808611111112,
            11848.91138888889,
            7769.668055555556,
            11475.633055555556,
            9045.285,
            8703.350555555555,
            8361.047777777778,
            9624.545,
            8715.938333333334,
            9512.776666666667,
            8981.301944444445,
            9372.221944444444,
            8472.324166666667,
            8590.153333333334
        ],
        "tail": [
            229835.10996563573,
            246064.2,
            195721.1575,
            87934.0575,
            148393.345,
            129554.7725,
            67177.5075,
            113355.2425,
            123177.5075,
            137401.345,
            164697.3,
            120306.455,
            94000.265,
            81771.0825,
            46542.6325
        ]
    },
    "HTTP POST /user": {
        "average": [
            1326.54425,
            1208.788,
            1729.8515,
            1344.262,
            1599.671,
            1650.0045,
            1866.274,
            1757.165,
            1718.4285,
            1734.12475,
            2012.242,
            1674.309,
            1943.787,
            1624.82575,
            1888.906
        ],
        "normal": [
            782.0877777777778,
            780.9847222222222,
            1117.5613888888888,
            898.2955555555556,
            999.2508333333334,
            1112.0638888888889,
            1196.5972222222222,
            1184.1680555555556,
            1146.3425,
            1114.0952777777777,
            1336.4502777777777,
            1000.7608333333334,
            1215.746111111111,
            1071.4588888888889,
            1197.5569444444445
        ],
        "tail": [
            6226.6525,
            5059.0175,
            7240.4625,
            5357.96,
            7003.4525,
            6491.47,
            7893.365,
            6914.1375,
            6867.2025,
            7314.39,
            8094.3675,
            7736.2425,
            8496.155,
            6605.1275,
            8111.0475
        ]
    }
}