,HTTP GET /hotels,HTTP GET /recommendations,HTTP POST /reservation,HTTP POST /user
frontend,24449.524666666668,5868.215962441314,20278.516666666666,3121.3007159904537
geo,130.29266666666666,/,/,/
profile,66.17156208277703,1628.5915492957747,/,/
rate,2718.8060200668897,/,/,/
reservation,71865.02008032128,/,42380.66333333333,/
search,5016.540631296172,/,/,/
recommendation,/,102.33802816901408,/,/
user,/,/,23.65773610180844,28.523125996810208
