,HTTP GET /hotels,HTTP GET /recommendations,HTTP POST /reservation,HTTP POST /user
frontend,29366.554,4310.993311036789,24417.566666666666,1893.7133333333334
geo,149.73881095524382,/,/,/
profile,67.87847929395791,1453.3010033444816,/,/
rate,2016.0073333333332,/,/,/
reservation,88609.49533333334,/,49600.984615384616,/
search,4291.149333333334,/,/,/
recommendation,/,123.77257525083613,/,/
user,/,/,19.362908605737157,22.02136181575434
