,HTTP GET /hotels,HTTP GET /recommendations,HTTP POST /reservation,HTTP POST /user
frontend,31392.712,4691.699324324324,25617.251333333334,2537.336
geo,134.77718478985992,/,/,/
profile,47.02361673414305,1275.8175675675675,/,/
rate,1929.3929777177582,/,/,/
reservation,76311.375,/,38188.971333333335,/
search,3883.476222826087,/,/,/
recommendation,/,102.10135135135135,/,/
user,/,/,21.310666666666666,26.984
