,HTTP GET /hotels,HTTP GET /recommendations,HTTP POST /reservation,HTTP POST /user
frontend,33220.89866666667,5149.527607361963,30682.782,2138.0046666666667
geo,168.67066666666668,/,/,/
profile,121.83866666666667,1431.3220858895706,/,/
rate,1311.6833333333334,/,/,/
reservation,84407.59733333334,/,88923.13733333333,/
search,3883.598,/,/,/
recommendation,/,115.6840490797546,/,/
user,/,/,25.34068136272545,23.96251673360107
