,HTTP GET /hotels,HTTP GET /recommendations,HTTP POST /reservation,HTTP POST /user
frontend,41533.282666666666,4029.266666666667,34153.61466666667,1979.1153333333334
geo,137.268,/,/,/
profile,40.93866666666667,1173.3855072463768,/,/
rate,1629.1133333333332,/,/,/
reservation,100420.736,/,39555.05533333333,/
search,3208.824666666667,/,/,/
recommendation,/,108.34782608695652,/,/
user,/,/,23.730666666666668,28.424364123159304
