,HTTP GET /hotels,HTTP GET /recommendations,HTTP POST /reservation,HTTP POST /user
frontend,31761.68,4527.969696969697,23538.048666666666,2531.574666666667
geo,160.82576769025368,/,/,/
profile,85.558,1366.12927756654,/,/
rate,2031.9573333333333,/,/,/
reservation,81377.06666666667,/,50368.142,/
search,4412.227333333333,/,/,/
recommendation,/,127.16666666666667,/,/
user,/,/,26.976,24.787858572381587
