,HTTP GET /hotels,HTTP GET /recommendations,HTTP POST /reservation,HTTP POST /user
frontend,23454.470666666668,6247.505976095617,20664.876666666667,2709.8981481481483
geo,149.72630173564752,/,/,/
profile,51.734,1749.3266932270917,/,/
rate,2478.6766666666667,/,/,/
reservation,74957.19933333334,/,24170.835333333333,/
search,5079.562,/,/,/
recommendation,/,116.50597609561753,/,/
user,/,/,22.26502002670227,31.584817970565453
