,HTTP GET /hotels,HTTP GET /recommendations,HTTP POST /reservation,HTTP POST /user
frontend,23495.11466666667,5951.527777777777,21960.095333333335,2804.99180999181
geo,159.48733333333334,/,/,/
profile,70.55066666666667,1178.3849206349207,/,/
rate,3598.7813333333334,/,/,/
reservation,67925.18933333333,/,50931.05066666667,/
search,6099.74,/,/,/
recommendation,/,90.14285714285714,/,/
user,/,/,24.644,26.68058968058968
