,HTTP GET /hotels,HTTP GET /recommendations,HTTP POST /reservation,HTTP POST /user
frontend,27268.002,5125.886524822695,20951.407333333333,2373.4706666666666
geo,142.652,/,/,/
profile,72.74333333333334,1288.276595744681,/,/
rate,2024.1906666666666,/,/,/
reservation,97361.304,/,51061.21866666667,/
search,4213.407333333334,/,/,/
recommendation,/,111.92553191489361,/,/
user,/,/,21.06082887700535,22.70667565745111
