,HTTP GET /hotels,HTTP GET /recommendations,HTTP POST /reservation,HTTP POST /user
frontend,39124.032,3505.2860962566847,33578.84333333333,1654.0486666666666
geo,138.45080862533692,/,/,/
profile,65.95218855218855,1090.970430107527,/,/
rate,1636.912984364378,/,/,/
reservation,98636.94021739131,/,61876.44866666666,/
search,3290.1856368563685,/,/,/
recommendation,/,88.13903743315508,/,/
user,/,/,21.675333333333334,21.600134408602152
