,HTTP GET /hotels,HTTP GET /recommendations,HTTP POST /reservation,HTTP POST /user
frontend,20709.146666666667,8782.027322404372,15034.653333333334,3584.983479105928
geo,184.35533333333333,/,/,/
profile,51.865951742627345,1818.832402234637,/,/
rate,2986.3297658862875,/,/,/
reservation,51860.53047555258,/,35975.70133333333,/
search,6472.171581769437,/,/,/
recommendation,/,96.92896174863388,/,/
user,/,/,29.87466487935657,31.845853658536587
