,HTTP GET /hotels,HTTP GET /recommendations,HTTP POST /reservation,HTTP POST /user
frontend,35230.92,4083.5112540192927,29189.903333333332,1997.6226666666666
geo,148.46693386773546,/,/,/
profile,62.321333333333335,1161.9003215434084,/,/
rate,1489.4946666666667,/,/,/
reservation,84350.27666666667,/,68690.516,/
search,3672.923333333333,/,/,/
recommendation,/,119.0128617363344,/,/
user,/,/,24.666666666666668,23.55548128342246
