,HTTP GET /hotels,HTTP GET /recommendations,HTTP POST /reservation,HTTP POST /user
frontend,35248.888,4124.283378746594,28973.348666666665,2071.228
geo,145.38203753351206,/,/,/
profile,64.33981233243968,1169.5137362637363,/,/
rate,1664.0155195681511,/,/,/
reservation,92054.86824324324,/,45048.51066666667,/
search,3662.707940780619,/,/,/
recommendation,/,87.42506811989101,/,/
user,/,/,24.62566844919786,19.903614457831324
