,HTTP GET /hotels,HTTP GET /recommendations,HTTP POST /reservation,HTTP POST /user
frontend,33842.36066666667,4275.044871794872,30012.815333333332,1993.9993333333334
geo,135.8124165554072,/,/,/
profile,51.38666666666666,1078.2147435897436,/,/
rate,2042.5106666666666,/,/,/
reservation,96011.85866666667,/,38140.50612244898,/
search,3908.358,/,/,/
recommendation,/,95.44551282051282,/,/
user,/,/,23.070713809206136,23.77874331550802
