,HTTP GET /hotels,HTTP GET /recommendations,HTTP POST /reservation,HTTP POST /user
frontend,41465.342,2955.7972222222224,38338.98133333334,1632.4373333333333
geo,126.37933333333334,/,/,/
profile,66.79021447721179,877.6218487394958,/,/
rate,1466.886,/,/,/
reservation,102067.40133333333,/,64967.151821862346,/
search,3088.705723905724,/,/,/
recommendation,/,96.61944444444444,/,/
user,/,/,21.115487316421895,24.600268276324613
