,HTTP GET /hotels,HTTP GET /recommendations,HTTP POST /reservation,HTTP POST /user
frontend,22887.20466666667,7307.824074074074,15211.765333333333,2768.863596872285
geo,169.72945891783567,/,/,/
profile,64.10448760884125,1744.6355140186915,/,/
rate,2678.348,/,/,/
reservation,64507.798,/,38661.649333333335,/
search,5303.488666666667,/,/,/
recommendation,/,114.43055555555556,/,/
user,/,/,19.792666666666666,19.520034843205575
