,HTTP GET /hotels,HTTP GET /recommendations,HTTP POST /reservation,HTTP POST /user
frontend,18670.023333333334,7910.049180327869,13960.70713809206,3172.615230460922
geo,167.12675116744495,/,/,/
profile,41.062666666666665,2232.24043715847,/,/
rate,3329.4393333333333,/,/,/
reservation,48234.092666666664,/,32894.12941961308,/
search,6257.834666666667,/,/,/
recommendation,/,125.8743169398907,/,/
user,/,/,27.927139037433154,25.022066198595788
