,HTTP GET /hotels,HTTP GET /recommendations,HTTP POST /reservation,HTTP POST /user
frontend,32227.552,4218.6495176848875,30696.710666666666,1854.4586666666667
geo,139.474,/,/,/
profile,52.19946272666219,1146.218649517685,/,/
rate,2027.3606666666667,/,/,/
reservation,97190.738,/,46330.69466666667,/
search,3749.018666666667,/,/,/
recommendation,/,109.38387096774194,/,/
user,/,/,25.79211229946524,22.752666666666666
