,HTTP GET /hotels,HTTP GET /recommendations,HTTP POST /reservation,HTTP POST /user
frontend,37293.576,4335.307116104869,27274.393333333333,2424.1280931586607
geo,140.7023569023569,/,/,/
profile,92.0472016183412,1300.1423220973784,/,/
rate,2726.025084745763,/,/,/
reservation,92867.1119402985,/,57089.28533333333,/
search,4677.886178861789,/,/,/
recommendation,/,118.6367041198502,/,/
user,/,/,37.83266666666667,28.84491587417703
