,HTTP GET /hotels,HTTP GET /recommendations,HTTP POST /reservation,HTTP POST /user
frontend,23955.104,6030.2164502164505,20772.260666666665,3063.846091205212
geo,168.1574382921948,/,/,/
profile,57.458,1556.095238095238,/,/
rate,3652.608,/,/,/
reservation,67348.17533333333,/,45336.15466666667,/
search,5611.703333333333,/,/,/
recommendation,/,107.21645021645021,/,/
user,/,/,24.995333333333335,26.008149959250204
