,HTTP GET /hotels,HTTP GET /recommendations,HTTP POST /reservation,HTTP POST /user
frontend,37576.185333333335,3414.7379134860053,32803.96666666667,1825.62
geo,135.21275167785234,/,/,/
profile,43.5564462257849,1044.4071246819337,/,/
rate,1849.1170928667564,/,/,/
reservation,98101.91582491582,/,57908.51066666667,/
search,3653.535881958417,/,/,/
recommendation,/,103.6412213740458,/,/
user,/,/,26.50569323509712,22.109030100334447
