,HTTP GET /hotels,HTTP GET /recommendations,HTTP POST /reservation,HTTP POST /user
frontend,32798.166666666664,4321.694235588972,27558.495333333332,2052.382
geo,146.6041388518024,/,/,/
profile,44.92575250836121,1256.0576441102758,/,/
rate,2283.479919678715,/,/,/
reservation,83176.56024096385,/,33025.53585926929,/
search,4454.19344042838,/,/,/
recommendation,/,93.84210526315789,/,/
user,/,/,27.786336235766914,22.10107095046854
