,HTTP GET /hotels,HTTP GET /recommendations,HTTP POST /reservation,HTTP POST /user
frontend,36952.166666666664,4116.266871165644,31345.955333333335,2016.5993333333333
geo,154.73248832555038,/,/,/
profile,59.77,1146.659509202454,/,/
rate,2319.7533333333336,/,/,/
reservation,102173.67133333333,/,53110.224,/
search,4009.693333333333,/,/,/
recommendation,/,112.98466257668711,/,/
user,/,/,29.85333333333333,26.63734049697784
