,HTTP GET /hotels,HTTP GET /recommendations,HTTP POST /reservation,HTTP POST /user
frontend,28971.148666666668,5309.5392156862745,22768.666666666668,2688.314
geo,180.1454302868579,/,/,/
profile,40.759892689470156,1396.4281045751634,/,/
rate,2113.534,/,/,/
reservation,74035.43333333333,/,24144.324827586206,/
search,4533.827333333334,/,/,/
recommendation,/,108.30392156862744,/,/
user,/,/,27.82154882154882,44.461486939048896
