,HTTP GET /hotels,HTTP GET /recommendations,HTTP POST /reservation,HTTP POST /user
frontend,32624.402666666665,5106.262237762237,23846.374,2402.808666666667
geo,160.12056262558608,/,/,/
profile,65.14506380120886,1365.5839160839162,/,/
rate,2043.935397039031,/,/,/
reservation,75139.05259608901,/,29764.970666666668,/
search,4469.372733378106,/,/,/
recommendation,/,97.75524475524476,/,/
user,/,/,21.92426273458445,21.462666666666667
