{
    "HTTP GET /hotels": {
        "average": [
            123114.28666666667,
            124954.106,
            101348.86333333333,
            76699.468,
            81970.69466666666,
            95610.03466666667,
            100793.094,
            103911.90733333334,
            136000.48533333334,
            124499.302,
            119829.10066666667,
            131082.29933333333,
            140963.438,
            148244.63,
            140338.23266666668,
            145669.684,
            111646.726,
            131555.578,
            135385.96,
            135992.106,
            146970.16333333333,
            122164.51933333333,
            113487.142,
            106171.16933333334,
            109874.484
        ],
        "normal": [
            66149.23555555556,
            75941.28444444445,
            56951.15111111111,
            44024.98888888889,
            44556.24592592593,
            53722.43481481481,
            57773.82666666667,
            60371.64666666667,
            88509.70592592593,
            70135.97333333333,
            69019.89185185185,
            78511.12222222223,
            83188.39185185185,
            90868.72444444445,
            90845.86148148148,
            99486.05925925926,
            67800.11259259259,
            75174.23703703703,
            78327.84370370371,
            83237.73185185186,
            91620.91111111111,
            72858.28074074074,
            67824.59333333334,
            58763.99333333333,
            66478.11259259259
        ],
        "tail": [
            635799.7466666667,
            566069.5,
            500928.2733333333,
            370769.78,
            418700.73333333334,
            472598.43333333335,
            487966.5,
            495774.25333333336,
            563417.5,
            613769.26,
            577111.98,
            604222.8933333333,
            660938.8533333334,
            664627.78,
            585769.5733333334,
            561322.3066666666,
            506266.24666666664,
            638987.6466666666,
            648909.0066666667,
            610781.4733333334,
            645113.4333333333,
            565920.6666666666,
            524450.08,
            532835.7533333333,
            500441.82666666666
        ]
    },
    "HTTP GET /recommendations": {
        "average": [
            6696.5337423312885,
            5364.424437299035,
            7220.055555555556,
            10268.16393442623,
            10658.032786885246,
            9150.736111111111,
            7693.528138528139,
            7599.145539906103,
            5754.086142322098,
            5888.066889632107,
            6016.090909090909,
            6526.08865248227,
            4678.561497326204,
            3922.725,
            4562.786259541985,
            5375.911042944786,
            6069.618243243243,
            5371.662125340599,
            5473.900321543409,
            5448.705128205128,
            5311.0,
            5671.5939849624065,
            6569.601398601399,
            8113.338645418326,
            6814.271241830065
        ],
        "normal": [
            5131.2150170648465,
            4039.9605734767024,
            5183.566371681416,
            7696.164634146341,
            7062.487804878048,
            6725.525773195876,
            5885.888888888889,
            5526.722513089006,
            4290.870833333333,
            4034.3159851301116,
            4554.232067510548,
            4736.328063241107,
            3448.1160714285716,
            3024.962962962963,
            3641.014164305949,
            3782.3412969283277,
            4631.68045112782,
            4103.621212121212,
            4187.896057347671,
            4070.7321428571427,
            4138.093548387097,
            4223.740947075209,
            5141.556420233463,
            5789.395555555556,
            4876.658181818182
        ],
        "tail": [
            20594.666666666668,
            16912.09375,
            24921.846153846152,
            32468.57894736842,
            41693.26315789474,
            30536.68181818182,
            23284.416666666668,
            25591.545454545456,
            18760.444444444445,
            22510.033333333333,
            18847.962962962964,
            22140.206896551725,
            15558.28947368421,
            12002.583333333334,
            12697.425,
            19524.878787878788,
            18819.333333333332,
            16681.216216216217,
            16686.25,
            17505.96875,
            15699.6,
            18666.075,
            19225.03448275862,
            28224.384615384617,
            24002.774193548386
        ]
    },
    "HTTP POST /reservation": {
        "average": [
            119631.20933333333,
            97905.03666666667,
            72915.79,
            46882.70780520347,
            51040.07,
            53893.20733333333,
            66133.41066666666,
            62682.727333333336,
            84401.51133333333,
            73872.56466666667,
            73933.16666666667,
            72033.63066666666,
            95476.96733333333,
            102547.61466666666,
            90738.85933333333,
            84486.03266666667,
            63827.53333333333,
            74046.41933333334,
            77053.12866666667,
            67413.56666666667,
            73732.40066666667,
            60127.31333333333,
            53633.152,
            44857.94733333333,
            46135.724
        ],
        "normal": [
            86421.71333333333,
            68681.25481481482,
            46444.404444444444,
            29745.661971830985,
            28523.516296296297,
            33496.61703703704,
            43259.96592592593,
            40201.165185185186,
            59001.81185185185,
            46884.898518518516,
            48632.24074074074,
            48834.56296296296,
            65659.86148148148,
            74386.28518518519,
            62586.939259259256,
            60086.48074074074,
            42280.461481481485,
            49265.51037037037,
            52262.253333333334,
            44466.165185185186,
            49880.236296296294,
            38920.112592592595,
            33786.75777777778,
            27094.071111111112,
            28829.954074074074
        ],
        "tail": [
            418516.67333333334,
            360919.0733333333,
            311158.26,
            201001.87333333332,
            253689.05333333334,
            237462.52,
            271994.41333333333,
            265016.7866666667,
            312998.80666666664,
            316761.56,
            301641.5,
            280825.24,
            363830.92,
            355999.58,
            344106.14,
            304082.0,
            257751.18,
            297074.6,
            300171.00666666665,
            273940.18,
            288401.88,
            250992.12,
            232250.7,
            204732.83333333334,
            201887.65333333332
        ]
    },
    "HTTP POST /user": {
        "average": [
            2161.8713333333335,
            2021.1153333333334,
            2831.6723996723995,
            3197.612224448898,
            3616.7055393586006,
            2788.3327541268463,
            3089.833061889251,
            3149.755767700875,
            2452.826055312955,
            1915.7053333333333,
            2556.346,
            2395.92,
            1675.476,
            1656.89,
            1847.6553333333334,
            2043.0413333333333,
            2564.32,
            2091.052,
            1877.2113333333334,
            2017.7146666666667,
            2007.426,
            2074.3946666666666,
            2424.271333333333,
            2741.3611111111113,
            2732.568
        ],