,HTTP GET /hotels,HTTP GET /recommendations,HTTP POST /reservation,HTTP POST /user
frontend,7246.93525,5876.208,5950.61625,1926.539
geo,179.64312546957174,/,/,/
profile,18.48259454044578,984.8650833754422,/,/
rate,8132.065815815816,/,/,/
reservation,20922.284998747808,/,11872.666916729182,/
search,6143.478728728729,/,/,/
recommendation,/,52.227,/,/
user,/,/,14.71125,17.286895514908544
