,HTTP GET /hotels,HTTP GET /recommendations,HTTP POST /reservation,HTTP POST /user
frontend,8101.13525,5130.49475,5482.05575,1871.953
geo,153.2025,/,/,/
profile,18.365872020075283,952.0493858109802,/,/
rate,6666.598093326643,/,/,/
reservation,25796.148685857323,/,6906.803960892455,/
search,6367.961895211833,/,/,/
recommendation,/,55.80637870416876,/,/
user,/,/,15.585904188612993,16.965724293219914
