{
    "HTTP GET /hotels": {
        "average": [
            283145.74385510996,
            344990.09749247745
        ],
        "normal": [
            168670.78148361127,
            246665.38103198484
        ],
        "tail": [
            1311941.400516796,
            1229912.5456369107
        ]
    },
    "HTTP GET /recommendations": {
        "average": [
            1868.7209902011346,
            2082.9071
        ],
        "normal": [
            1505.4530085959886,
            1528.0995555555555
        ],
        "tail": [
            5136.26030927835,
            7076.175
        ]
    },
    "HTTP POST /reservation": {
        "average": [
            140034.26713008937,
            57884.2316
        ],
        "normal": [
            100885.12027586206,
            25701.992
        ],
        "tail": [
            492182.30024813896,
            347524.388
        ]
    },
    "HTTP POST /user": {
        "average": [
            704.6123123887052,
            805.9009
        ],
        "normal": [
            524.5021204410517,
            502.1707777777778
        ],
        "tail": [
            2321.4898477157362,
            3539.472
        ]
    }
}