,HTTP GET /hotels,HTTP GET /recommendations,HTTP POST /reservation,HTTP POST /user
frontend,4705.4815,4345.27625,3789.12425,1768.88325
geo,256.36493246623314,/,/,/
profile,182.80040020010006,1191.0025006251562,/,/
rate,8830.870935467734,/,/,/
reservation,13025.824074074075,/,7887.309231923943,/
search,6687.6336336336335,/,/,/
recommendation,/,112.83695923980996,/,/
user,/,/,28.817408704352175,21.72225
