,HTTP GET /hotels,HTTP GET /recommendations,HTTP POST /reservation,HTTP POST /user
frontend,6549.73275,3637.96775,5499.8395,1684.09525
geo,181.2435415099072,/,/,/
profile,213.5893574297189,991.4547283702213,/,/
rate,8233.443580742227,/,/,/
reservation,24464.807403701852,/,17468.98325,/
search,6956.028814833375,/,/,/
recommendation,/,76.31121682523786,/,/
user,/,/,17.67376597344024,21.789156626506024
