,HTTP GET /hotels,HTTP GET /recommendations,HTTP POST /reservation,HTTP POST /user
frontend,10290.0475,3507.85275,6637.879310344828,1477.26725
geo,171.72475,/,/,/
profile,292.14084860657795,933.8868019033308,/,/
rate,7729.119859578736,/,/,/
reservation,45823.571821821824,/,24873.06718061674,/
search,5384.021271271271,/,/,/
recommendation,/,73.89889889889889,/,/
user,/,/,21.145634629493763,20.94675
