,HTTP GET /hotels,HTTP GET /recommendations,HTTP POST /reservation,HTTP POST /user
frontend,5623.6785,3990.14425,3621.9485,1312.64675
geo,190.5985968428965,/,/,/
profile,252.85531914893616,1021.7109942399198,/,/
rate,7999.240550688361,/,/,/
reservation,19112.94098524631,/,16996.57603801901,/
search,6933.022812735021,/,/,/
recommendation,/,63.53769095917856,/,/
user,/,/,18.75512756378189,19.98575
