,HTTP GET /hotels,HTTP GET /recommendations,HTTP POST /reservation,HTTP POST /user
frontend,8785.9386,1751.2525,2832.2509,828.7455
geo,94.10237403586096,/,/,/
profile,20.357400360504705,467.0503,/,/
rate,181922.28157287592,/,/,/
reservation,28750.632422148792,/,3090.5942,/
search,178749.307376639,/,/,/
recommendation,/,34.64974974974975,/,/
user,/,/,17.680104031209364,16.89344672336168
