,HTTP GET /hotels,HTTP GET /recommendations,HTTP POST /reservation,HTTP POST /user
frontend,4862.48825,4072.426,3770.2185,1880.728
geo,293.8032048072108,/,/,/
profile,173.00150187734667,1212.1705601607637,/,/
rate,6124.389389389389,/,/,/
reservation,16670.0475,/,7288.687671917979,/
search,5851.46946946947,/,/,/
recommendation,/,91.27723516153269,/,/
user,/,/,26.27006751687922,30.060186351045076
