,HTTP GET /hotels,HTTP GET /recommendations,HTTP POST /reservation,HTTP POST /user
frontend,5222.96775,4627.372,3764.107,1677.12725
geo,278.3850401606426,/,/,/
profile,194.19824341279798,1178.0095453403667,/,/
rate,8558.781179422836,/,/,/
reservation,14879.021553884711,/,8738.873620862587,/
search,8806.90874811463,/,/,/
recommendation,/,129.99624248496994,/,/
user,/,/,30.554165624218165,23.843186372745492
