,HTTP GET /hotels,HTTP GET /recommendations,HTTP POST /reservation,HTTP POST /user
frontend,4562.67225,4138.69025,3590.09625,1840.73025
geo,233.101,/,/,/
profile,206.0495,1221.0255191393546,/,/
rate,4667.339669834918,/,/,/
reservation,11950.696098049024,/,7150.576432324243,/
search,5746.912978244561,/,/,/
recommendation,/,89.55025,/,/
user,/,/,21.88466349762322,25.662165541385345
