,HTTP GET /hotels,HTTP GET /recommendations,HTTP POST /reservation,HTTP POST /user
frontend,5720.524,4406.56125,3935.46825,1558.00575
geo,239.60692771084337,/,/,/
profile,234.05711422845692,1063.9245424918527,/,/
rate,9206.682865731464,/,/,/
reservation,17340.43975,/,17520.485227841764,/
search,7039.584773353368,/,/,/
recommendation,/,84.16537208719619,/,/
user,/,/,21.0975975975976,21.85939454590943
