,HTTP GET /hotels,HTTP GET /recommendations,HTTP POST /reservation,HTTP POST /user
frontend,5399.3775,4715.35225,3572.798,1460.68575
geo,274.0025,/,/,/
profile,208.22508763144717,1228.7056755399296,/,/
rate,5944.232174130598,/,/,/
reservation,19678.598547458052,/,8950.962953692115,/
search,6465.731048286215,/,/,/
recommendation,/,109.2342613493855,/,/
user,/,/,26.517379344836208,21.70175
