{
    "HTTP GET /hotels": {
        "average": [
            69612.63625,
            46537.219,
            31480.68675,
            32071.14925,
            30801.325,
            31601.23675,
            33962.5565,
            34208.8475,
            33664.58475,
            33254.228,
            27970.061,
            27356.34025,
            29106.886,
            30668.2125,
            39740.65475,
            40073.43075,
            30342.87925,
            30279.82225,
            32064.88375,
            37787.01425,
            37925.93625,
            37506.0585,
            32804.41,
            39237.53325,
            37611.2455
        ],
        "normal": [
            38407.496666666666,
            25880.422777777778,
            21709.37861111111,
            22141.96361111111,
            21745.40027777778,
            21636.821666666667,
            21961.02972222222,
            23196.703333333335,
            22672.108333333334,
            22228.924722222222,
            19974.87777777778,
            19905.98361111111,
            20364.687777777777,
            21089.812222222223,
            25497.03888888889,
            25244.336666666666,
            20785.5175,
            21567.119444444445,
            21735.652777777777,
            23555.506944444445,
            24613.69361111111,
            23952.215555555555,
            21062.3925,
            24636.909722222223,
            23026.31638888889
        ],
        "tail": [
            350458.8925,
            232448.385,
            119422.46,
            121433.82,
            112304.6475,
            121280.9725,
            141976.2975,
            133318.145,
            132596.8725,
            132481.9575,
            99926.71,
            94409.55,
            107786.67,
            116873.815,
            167933.1975,
            173535.2775,
            116359.135,
            108694.1475,
            125027.9625,
            165870.58,
            157736.12,
            159490.645,
            138482.5675,
            170643.145,
            168875.6075
        ]
    },
    "HTTP GET /recommendations": {
        "average": [
            4513.93025,
            4699.6705,
            5087.466,
            5323.68475,
            5342.99325,
            5081.4875,
            5369.95625,
            5418.0315,
            5648.78975,
            5763.459,
            5038.10175,
            5448.35025,
            5579.4415,
            5717.12025,
            5551.536,
            5073.49375,
            5113.52875,
            5474.80225,
            6185.031,
            5929.52225,
            6047.408,
            5653.767,
            5104.02725,
            5291.48075,
            5416.47625
        ],
        "normal": [
            3523.266111111111,
            3836.9194444444443,
            4296.106388888889,
            4467.094444444445,
            4427.743888888889,
            4265.134166666667,
            4496.314444444444,
            4489.733333333334,
            4480.452222222222,
            4277.468611111111,
            4030.1072222222224,
            4521.2675,
            4668.382777777778,
            4881.853888888889,
            3776.9197222222224,
            3347.8505555555557,
            4212.608888888889,
            4570.916666666667,
            4581.1386111111115,
            4393.930833333333,
            4109.740555555555,
            4078.929722222222,
            4146.337777777778,
            3990.8097222222223,
            3970.545
        ],
        "tail": [
            13429.9075,
            12464.43,
            12209.7025,
            13032.9975,
            13580.2375,
            12428.6675,
            13232.7325,
            13772.715,
            16163.8275,
            19137.3725,
            14110.0525,
            13792.095,
            13778.97,
            13234.5175,
            21523.0825,
            20604.2825,
            13221.8075,
            13609.7725,
            20620.0625,
            19749.845,
            23486.415,
            19827.3025,
            13723.2325,
            16997.52,
            18429.8575
        ]
    },
    "HTTP POST /reservation": {
        "average": [
            31513.843360234776,
            22986.45675,
            14643.767,
            10610.95825,
            10882.52825,
            10466.23825,
            11083.3475,
            11634.41725,
            11699.321,
            11551.418,
            11277.163,
            10757.178,
            10608.54175,
            10890.671,
            21450.74925,
            20628.772,
            18988.075,
            10363.315,
            11305.502,
            12507.29525,
            12539.083,
            11531.81375,
            11161.212,
            10534.75575,
            10316.48375
        ],
        "normal": [
            20075.200570729718,
            13111.579444444444,
            9180.470833333333,
            9126.808611111112,
            9384.036944444444,
            9054.815,
            9392.632222222222,
            9779.146944444445,
            9581.263333333334,
            9206.404722222222,
            9282.176111111112,
            9115.666111111112,
            9185.729722222222,
            9393.938333333334,
            9439.81138888889,
            8767.0825,
            8306.572777777777,
            8391.65361111111,
            8537.56138888889,
            8164.340833333334,
            7630.8133333333335,
            7789.6913888888885,
            7495.399722222222,
            7117.806666666666,
            6899.722777777778
        ],
        "tail": [
            134294.0293040293,
            111860.3525,
            63813.4325,
            23968.305,
            24368.95,
            23169.0475,
            26299.785,
            28331.85,
            30761.84,
            32656.5375,
            29232.045,
            25530.785,
            23413.85,
            24361.265,
            129549.19,
            127383.9775,
            115121.595,
            28108.2675,
            36216.9675,
            51593.885,
            56713.51,
            45210.915,
            44153.5225,
            41287.2975,
            41067.3325
        ]
    },
    "HTTP POST /user": {
        "average": [
            1498.214,
            1705.79725,
            1587.61825,
            1803.5725,
            1827.04375,
            1787.757,
            1910.57025,
            1852.21975,
            1790.6055,
            1784.26825,
            1744.012,
            1866.386,
            2012.2355,
            2146.8955,
            1579.84875,
            1332.6325,
            1905.36175,
            1885.37025,
            1986.4065,
            1700.92275,
            1482.3875,
            1556.90175,
            1855.54,
            1439.44125,
            1753.0665
        ],
        "normal": [
            979.0566666666666,
            1284.933888888889,
            1144.6741666666667,
            1372.106388888889,
            1371.6005555555555,
            1331.0936111111112,
            1407.8519444444444,
            1389.5983333333334,
            1339.2872222222222,
            1306.288611111111,
            1286.6658333333332,
            1404.7919444444444,
            1536.0741666666668,
            1669.7083333333333,
            1047.1416666666667,
            901.2594444444444,
            1420.5011111111112,
            1400.8319444444444,
            1496.3916666666667,
            1227.1230555555555,
            1046.1908333333333,
            1147.1983333333333,
            1396.7147222222222,
            959.4327777777778,
            1297.065
        ],