,HTTP GET /hotels,HTTP GET /recommendations,HTTP POST /reservation,HTTP POST /user
frontend,49145.07103966814,1202.8106372045222,43473.21699951291,574.1505055147059
geo,91.283380865958,/,/,/
profile,229.7482499351828,369.18602261048306,/,/
rate,5016.433756805807,/,/,/
reservation,223618.91800726517,/,84644.88290053896,/
search,2923.698573281453,/,/,/
recommendation,/,33.50976361767729,/,/
user,/,/,19.948830409356724,20.73960009193289
