,HTTP GET /hotels,HTTP GET /recommendations,HTTP POST /reservation,HTTP POST /user
frontend,29521.674492051796,1440.9942,19321.5791,681.5144
geo,92.74120867551063,/,/,/
profile,129.41151700178966,420.65184218451964,/,/
rate,101721.02368670386,/,/,/
reservation,119193.13964534516,/,35637.15876205788,/
search,99826.22194119506,/,/,/
recommendation,/,33.71185081211149,/,/
user,/,/,17.0906,16.80524157247174
