{
    "HTTP GET /hotels": {
        "average": [
            280849.1052631579,
            349491.2248657753
        ],
        "normal": [
            161085.01757418612,
            246528.79997660546
        ],
        "tail": [
            1357795.085492228,
            1276044.667368421
        ]
    },
    "HTTP GET /recommendations": {
        "average": [
            1605.5064234326824,
            1893.6297
        ],
        "normal": [
            1359.4977155910908,
            1391.8074444444444
        ],
        "tail": [
            3814.5384615384614,
            6410.03
        ]
    },
    "HTTP POST /reservation": {
        "average": [
            127643.28080857282,
            54804.7701
        ],
        "normal": [
            91892.15913396481,
            24132.894111111113
        ],
        "tail": [
            449055.43309002434,
            330851.654
        ]
    },
    "HTTP POST /user": {
        "average": [
            594.8853400735294,
            698.3146
        ],
        "normal": [
            477.12487231869255,
            460.93833333333333
        ],
        "tail": [
            1652.5688073394494,
            2834.701
        ]
    }
}