,HTTP GET /hotels,HTTP GET /recommendations,HTTP POST /reservation,HTTP POST /user
frontend,101934.648,1935.7759197324415,74420.78466666667,826.504
geo,128.1571524513096,/,/,/
profile,80.04203389830508,488.59464882943143,/,/
rate,843.4633333333334,/,/,/
reservation,149491.98533333334,/,45292.00466666667,/
search,1933.3358108108107,/,/,/
recommendation,/,36.87157190635452,/,/
user,/,/,13.007367716008037,11.666666666666666
