,HTTP GET /hotels,HTTP GET /recommendations,HTTP POST /reservation,HTTP POST /user
frontend,83403.118,2373.956,56345.962,978.414
geo,112.83533333333334,/,/,/
profile,66.38333333333334,810.4032150033489,/,/
rate,847.344,/,/,/
reservation,124225.43533333333,/,37945.36029911625,/
search,1826.5353333333333,/,/,/
recommendation,/,39.34989926124916,/,/
user,/,/,11.97927807486631,15.002006688963212
