,HTTP GET /hotels,HTTP GET /recommendations,HTTP POST /reservation,HTTP POST /user
frontend,10686.354666666666,7171.962588473205,10952.303333333333,3557.4166666666665
geo,155.77621910487642,/,/,/
profile,22.356275303643724,1868.1224489795918,/,/
rate,5907.998653198653,/,/,/
reservation,18078.852723604574,/,12196.142570281125,/
search,7585.219463087248,/,/,/
recommendation,/,60.26321138211382,/,/
user,/,/,18.790666666666667,13.417560321715818
