,HTTP GET /hotels,HTTP GET /recommendations,HTTP POST /reservation,HTTP POST /user
frontend,92559.05266666667,2307.990363232024,66279.076,809.8393333333333
geo,126.12692050768203,/,/,/
profile,54.014122394082044,1305.3964232488822,/,/
rate,691.6533333333333,/,/,/
reservation,115942.84866666667,/,69417.998,/
search,1748.5346666666667,/,/,/
recommendation,/,38.30763528539659,/,/
user,/,/,12.757333333333333,11.275401069518717
