,HTTP GET /hotels,HTTP GET /recommendations,HTTP POST /reservation,HTTP POST /user
frontend,102490.47666666667,2733.744089012517,67666.05333333333,979.174
geo,159.8091091761554,/,/,/
profile,150.94335805799057,1214.9839721254355,/,/
rate,5675.069333333333,/,/,/
reservation,158426.0468431772,/,57541.83783783784,/
search,7131.26224010731,/,/,/
recommendation,/,41.81293463143255,/,/
user,/,/,14.09590878604963,14.509333333333334
