,HTTP GET /hotels,HTTP GET /recommendations,HTTP POST /reservation,HTTP POST /user
frontend,77267.84133333333,2341.035335689046,55666.40266666667,902.446
geo,119.622,/,/,/
profile,50.955333333333336,1106.8664310954064,/,/
rate,941.874,/,/,/
reservation,120929.35133333334,/,47263.289333333334,/
search,2419.079333333333,/,/,/
recommendation,/,45.106713780918724,/,/
user,/,/,11.423489932885905,12.645204560697518
