,HTTP GET /hotels,HTTP GET /recommendations,HTTP POST /reservation,HTTP POST /user
frontend,9001.703333333333,5117.997123681687,6822.249333333333,2510.86
geo,153.33155080213905,/,/,/
profile,21.84656796769852,1599.5834932821497,/,/
rate,4957.291164658634,/,/,/
reservation,18058.254191817574,/,7310.028206850235,/
search,6486.370469798658,/,/,/
recommendation,/,53.58445297504799,/,/
user,/,/,19.313333333333333,10.621983914209116
