,HTTP GET /hotels,HTTP GET /recommendations,HTTP POST /reservation,HTTP POST /user
frontend,90005.80933333334,2332.982468955442,65570.78066666667,945.426
geo,141.6305945223781,/,/,/
profile,88.42034805890228,717.249815225425,/,/
rate,3912.374,/,/,/
reservation,113489.27676767677,/,41016.101683029454,/
search,4301.048225050235,/,/,/
recommendation,/,37.62258543833581,/,/
user,/,/,13.259917920656635,11.914908100748809
