,HTTP GET /hotels,HTTP GET /recommendations,HTTP POST /reservation,HTTP POST /user
frontend,7926.140666666666,5553.69397828233,5525.378,3154.2606666666666
geo,181.18,/,/,/
profile,33.116029510395705,1605.9664363277393,/,/
rate,4118.029470864032,/,/,/
reservation,14628.322170127261,/,7609.395053475936,/
search,6161.947756195579,/,/,/
recommendation,/,70.63770977295162,/,/
user,/,/,13.280936454849499,25.268227424749163
