,HTTP GET /hotels,HTTP GET /recommendations,HTTP POST /reservation,HTTP POST /user
frontend,133773.28791208792,9666.008553100499,99888.97397260273,4354.306047966632
geo,216.98241758241758,/,/,/
profile,1849.3384615384616,3178.759800427655,/,/
rate,48960.60769230769,/,/,/
reservation,441553.9250559284,/,229013.6479663394,/
search,22439.064835164834,/,/,/
recommendation,/,71.28530670470757,/,/
user,/,/,26.224657534246575,36.62128325508607
