,HTTP GET /hotels,HTTP GET /recommendations,HTTP POST /reservation,HTTP POST /user
frontend,8652.202666666666,5560.936880072137,6492.31,2473.7066666666665
geo,174.11311914323963,/,/,/
profile,24.324666666666666,1957.1145175834085,/,/
rate,5776.1755570560435,/,/,/
reservation,15216.155540720962,/,7321.779706275033,/
search,6964.936870382808,/,/,/
recommendation,/,65.80883678990081,/,/
user,/,/,14.410666666666666,22.624
