,HTTP GET /hotels,HTTP GET /recommendations,HTTP POST /reservation,HTTP POST /user
frontend,52979.65866666667,5009.748623853211,30283.417333333335,1852.1954261954263
geo,163.684,/,/,/
profile,132.33666666666667,2679.860550458716,/,/
rate,3958.3213333333333,/,/,/
reservation,105472.56693440428,/,41469.41027351568,/
search,5840.782666666667,/,/,/
recommendation,/,66.95963302752294,/,/
user,/,/,13.969333333333333,14.576576576576576
