,HTTP GET /hotels,HTTP GET /recommendations,HTTP POST /reservation,HTTP POST /user
frontend,25845.65,3806.157894736842,21674.384666666665,1558.3493333333333
geo,147.91127418278853,/,/,/
profile,27.68733153638814,1352.0038659793815,/,/
rate,2528.060606060606,/,/,/
reservation,119250.80574098798,/,33572.110441767065,/
search,4301.3691275167785,/,/,/
recommendation,/,55.07503234152652,/,/
user,/,/,22.507702612190222,19.462308205470315
