,HTTP GET /hotels,HTTP GET /recommendations,HTTP POST /reservation,HTTP POST /user
frontend,77516.884,2173.9086666666667,52975.52533333333,833.938
geo,122.44333333333333,/,/,/
profile,80.68866666666666,587.7140939597316,/,/
rate,757.98,/,/,/
reservation,106831.51133333333,/,38019.725333333336,/
search,1898.956,/,/,/
recommendation,/,34.53066666666667,/,/
user,/,/,11.664666666666667,12.075940860215054
