,HTTP GET /hotels,HTTP GET /recommendations,HTTP POST /reservation,HTTP POST /user
frontend,63176.259877931254,17726.45575,29317.975,10813.75675
geo,195.3340828782525,/,/,/
profile,1029.1413427561838,2821.1498623967977,/,/
rate,243246.25612903226,/,/,/
reservation,210087.79023917258,/,31580.890173410404,/
search,220922.46205787783,/,/,/
recommendation,/,60.7114951164538,/,/
user,/,/,31.797866937531744,17.200550137534382
