,HTTP GET /hotels,HTTP GET /recommendations,HTTP POST /reservation,HTTP POST /user
frontend,98234.43466666667,3146.2120462046205,67742.958,1177.6486666666667
geo,140.4816299265197,/,/,/
profile,59.593582887700535,565.9295774647887,/,/
rate,766.8026666666667,/,/,/
reservation,152243.94266666667,/,70255.87866666667,/
search,1877.450770261219,/,/,/
recommendation,/,60.68234323432343,/,/
user,/,/,11.870060281312792,17.28148148148148
