,HTTP GET /hotels,HTTP GET /recommendations,HTTP POST /reservation,HTTP POST /user
frontend,135107.78035217794,8653.069707401033,97655.98619102416,4515.093596059113
geo,210.99073215940686,/,/,/
profile,1716.8748841519925,2696.0981067125645,/,/
rate,50763.52919369787,/,/,/
reservation,442352.3396226415,/,304982.7593457944,/
search,24782.62488393686,/,/,/
recommendation,/,113.99137187230372,/,/
user,/,/,53.453394706559266,28.079482439926064
