,HTTP GET /hotels,HTTP GET /recommendations,HTTP POST /reservation,HTTP POST /user
frontend,93501.43133333333,2039.4806666666666,71663.706,951.838
geo,121.90732034922767,/,/,/
profile,74.25521885521886,779.5632953784327,/,/
rate,798.5353333333334,/,/,/
reservation,126551.51670074982,/,47261.41757493188,/
search,1878.1466216216215,/,/,/
recommendation,/,37.19489247311828,/,/
user,/,/,12.754539340954944,13.932
