,HTTP GET /hotels,HTTP GET /recommendations,HTTP POST /reservation,HTTP POST /user
frontend,90601.35066666667,2357.176614881439,74479.72666666667,904.3906666666667
geo,131.60802675585285,/,/,/
profile,67.56086079354405,858.7502067824648,/,/
rate,978.8226666666667,/,/,/
reservation,139432.00666666665,/,55562.226,/
search,2099.887333333333,/,/,/
recommendation,/,42.41700735895339,/,/
user,/,/,12.635333333333334,15.013333333333334
