,HTTP GET /hotels,HTTP GET /recommendations,HTTP POST /reservation,HTTP POST /user
frontend,10011.639333333333,6339.505725190839,6540.993333333333,2931.673333333333
geo,148.40026684456305,/,/,/
profile,22.979180658159837,1954.4074427480916,/,/
rate,6808.214765100671,/,/,/
reservation,18909.85829415715,/,7193.571333333333,/
search,7804.565275908479,/,/,/
recommendation,/,67.09828244274809,/,/
user,/,/,10.61,27.434025452109847
