,HTTP GET /hotels,HTTP GET /recommendations,HTTP POST /reservation,HTTP POST /user
frontend,31448.529333333332,2580.6893333333333,24912.254,1177.5461876832844
geo,148.1096989966555,/,/,/
profile,37.01546738399462,545.5473333333333,/,/
rate,2322.152666666667,/,/,/
reservation,63509.15211459754,/,12411.328408327738,/
search,4047.6814516129034,/,/,/
recommendation,/,45.64848484848485,/,/
user,/,/,13.211551376762928,11.946616541353384
