,HTTP GET /hotels,HTTP GET /recommendations,HTTP POST /reservation,HTTP POST /user
frontend,15978.204666666667,3890.55234375,9914.696,2227.978
geo,164.4866310160428,/,/,/
profile,25.427236315086784,1834.092331768388,/,/
rate,2644.527018012008,/,/,/
reservation,43594.72144288577,/,14725.087014725568,/
search,5687.090787716956,/,/,/
recommendation,/,56.28928850664582,/,/
user,/,/,24.71524064171123,20.046791443850267
