,HTTP GET /hotels,HTTP GET /recommendations,HTTP POST /reservation,HTTP POST /user
frontend,56765.168666666665,3692.949823943662,39391.87466666667,1577.6873333333333
geo,175.853985264568,/,/,/
profile,144.43817204301075,1370.3169014084508,/,/
rate,3794.88,/,/,/
reservation,111536.99866666667,/,52045.2123655914,/
search,8341.637399463807,/,/,/
recommendation,/,56.087147887323944,/,/
user,/,/,17.981182795698924,15.497994652406417
