,HTTP GET /hotels,HTTP GET /recommendations,HTTP POST /reservation,HTTP POST /user
frontend,87542.222,3275.35,71233.37,942.8533333333334
geo,141.134,/,/,/
profile,65.026,2240.6073333333334,/,/
rate,1515.2026666666666,/,/,/
reservation,142104.0375838926,/,81054.88689655172,/
search,3487.806666666667,/,/,/
recommendation,/,45.288666666666664,/,/
user,/,/,14.400403768506056,12.85809906291834
