,HTTP GET /hotels,HTTP GET /recommendations,HTTP POST /reservation,HTTP POST /user
frontend,12245.754666666666,3538.108,8703.957333333334,1659.8606666666667
geo,168.46323529411765,/,/,/
profile,26.001338688085674,1151.0307281229125,/,/
rate,2528.6909698996656,/,/,/
reservation,31697.922818791947,/,16241.800400534046,/
search,4700.258689839572,/,/,/
recommendation,/,46.05866666666667,/,/
user,/,/,26.486324216144094,21.144385026737968
