,HTTP GET /hotels,HTTP GET /recommendations,HTTP POST /reservation,HTTP POST /user
frontend,8414.641333333333,5790.913173652694,6594.011333333333,2892.961333333333
geo,144.58744993324433,/,/,/
profile,22.42953020134228,1826.2944111776446,/,/
rate,4787.148793565683,/,/,/
reservation,15698.40967092008,/,8054.4277108433735,/
search,6435.959650302622,/,/,/
recommendation,/,63.971057884231534,/,/
user,/,/,16.048,11.33355659745479
