,HTTP GET /hotels,HTTP GET /recommendations,HTTP POST /reservation,HTTP POST /user
frontend,84716.984,1900.9346666666668,63008.106,796.076
geo,118.66844919786097,/,/,/
profile,89.22611036339165,467.4916051040967,/,/
rate,966.6566666666666,/,/,/
reservation,137826.02666666667,/,42404.46963562753,/
search,2013.5410497981156,/,/,/
recommendation,/,36.267833109017495,/,/
user,/,/,11.232573726541554,12.815063887020848
