,HTTP GET /hotels,HTTP GET /recommendations,HTTP POST /reservation,HTTP POST /user
frontend,55794.026666666665,2361.07,42603.49133333333,1000.7108731466227
geo,136.97327989311958,/,/,/
profile,50.07676767676767,511.766,/,/
rate,1454.6926666666666,/,/,/
reservation,86963.90066666667,/,21717.62962962963,/
search,2562.553319919517,/,/,/
recommendation,/,42.133868808567605,/,/
user,/,/,10.827328348062542,12.63429054054054
