,HTTP GET /hotels,HTTP GET /recommendations,HTTP POST /reservation,HTTP POST /user
frontend,104904.17866666666,2558.5173477255203,70681.666,1160.522
geo,195.6154873164219,/,/,/
profile,112.12810194500335,922.2313030069391,/,/
rate,3297.387333333333,/,/,/
reservation,136994.3781061115,/,60373.43186440678,/
search,6651.828533154722,/,/,/
recommendation,/,47.16576715497302,/,/
user,/,/,14.308002689979824,14.684666666666667
