,HTTP GET /hotels,HTTP GET /recommendations,HTTP POST /reservation,HTTP POST /user
frontend,8782.686666666666,5819.071146245059,7270.614,2775.211333333333
geo,193.31796927187708,/,/,/
profile,22.969127516778524,1694.6079207920793,/,/
rate,4830.3418230563,/,/,/
reservation,15400.225589225589,/,9477.879598662208,/
search,7066.981157469718,/,/,/
recommendation,/,69.91790306627102,/,/
user,/,/,16.40401337792642,16.852103120759836
