,HTTP GET /hotels,HTTP GET /recommendations,HTTP POST /reservation,HTTP POST /user
frontend,106249.42533333333,2239.5809294871797,75880.86533333334,947.5086666666666
geo,144.00934579439252,/,/,/
profile,59.71313672922252,482.6156325543916,/,/
rate,886.4746666666666,/,/,/
reservation,166094.7384305835,/,79878.83466666666,/
search,1915.1764705882354,/,/,/
recommendation,/,49.09349593495935,/,/
user,/,/,13.282740094022834,13.080213903743315
