,HTTP GET /hotels,HTTP GET /recommendations,HTTP POST /reservation,HTTP POST /user
frontend,13107.282666666666,2704.966,9287.518,1145.422
geo,159.26348547717842,/,/,/
profile,355.6505376344086,770.415610406938,/,/
rate,3069.508010680908,/,/,/
reservation,19841.36543715847,/,45841.341397849465,/
search,4053.5677907777012,/,/,/
recommendation,/,45.834666666666664,/,/
user,/,/,36.42847548690396,30.512407780013415
