,HTTP GET /hotels,HTTP GET /recommendations,HTTP POST /reservation,HTTP POST /user
frontend,83014.77933333334,1888.3693333333333,65276.78466666667,838.364
geo,123.68833780160858,/,/,/
profile,65.59717552118359,443.4333556597455,/,/
rate,813.6133333333333,/,/,/
reservation,115958.32702702703,/,33973.997935306266,/
search,1811.5114401076717,/,/,/
recommendation,/,35.47066756574511,/,/
user,/,/,13.356662180349932,12.595383570943653
