,HTTP GET /hotels,HTTP GET /recommendations,HTTP POST /reservation,HTTP POST /user
frontend,89106.414,1970.44,59215.926,808.7193333333333
geo,135.65217391304347,/,/,/
profile,64.90194761584956,489.6305518169583,/,/
rate,765.4466666666667,/,/,/
reservation,125210.60796221322,/,39012.076,/
search,1982.7995978552278,/,/,/
recommendation,/,37.51991897366644,/,/
user,/,/,10.960188933873145,10.93135935397039
