,HTTP GET /hotels,HTTP GET /recommendations,HTTP POST /reservation,HTTP POST /user
frontend,8104.154666666666,5582.017137096775,6381.118,2894.999333333333
geo,168.57266666666666,/,/,/
profile,25.187752355316285,1632.1922290388547,/,/
rate,5276.344966442953,/,/,/
reservation,14606.688933873145,/,8562.256032171581,/
search,6333.677874915938,/,/,/
recommendation,/,67.5097037793667,/,/
user,/,/,12.44018817204301,13.401069518716577
