,HTTP GET /hotels,HTTP GET /recommendations,HTTP POST /reservation,HTTP POST /user
frontend,96980.18466666667,2397.1253333333334,63554.828,1023.5706666666666
geo,185.11466666666666,/,/,/
profile,127.37,882.8820754716982,/,/
rate,4006.3906666666667,/,/,/
reservation,130378.26066666667,/,36623.704117236564,/
search,6232.874666666667,/,/,/
recommendation,/,38.1840490797546,/,/
user,/,/,13.750505731625084,13.18922558922559
