{
    "HTTP GET /hotels": {
        "average": [
            211121.51,
            233781.248,
            180706.472,
            167051.684,
            253311.77666666667,
            274260.9473333333,
            233310.212,
            201728.72333333333,
            251097.56666666668,
            270610.868,
            219936.06333333332,
            254373.69066666666,
            225705.168,
            187208.46333333335,
            210481.65133333334,
            237910.19533333334,
            210639.98,
            215710.37866666666,
            200049.21466666667,
            99958.47733333333
        ],
        "normal": [
            159804.14666666667,
            166578.9940740741,
            107324.75185185185,
            99409.39111111111,
            182514.02370370372,
            200694.32296296296,
            165836.5162962963,
            144255.11555555556,
            185091.64888888889,
            195141.16962962964,
            161310.33555555556,
            191373.41407407407,
            166355.58444444445,
            136282.37259259258,
            156345.60148148148,
            177170.5414814815,
            154646.9488888889,
            153563.9437037037,
            145931.8177777778,
            61978.206666666665
        ],
        "tail": [
            672977.78,
            838601.5333333333,
            841141.9533333334,
            775832.32,
            890491.5533333333,
            936360.5666666667,
            840573.4733333334,
            718991.1933333334,
            845150.8266666667,
            949838.1533333333,
            747567.6133333333,
            821376.18,
            759851.42,
            645543.28,
            697706.1,
            784567.08,
            714577.26,
            775028.2933333333,
            687105.7866666666,
            441780.91333333333
        ]
    },
    "HTTP GET /recommendations": {
        "average": [
            3644.9206819866567,
            5561.246,
            5119.353873239436,
            7756.568807339449,
            3770.489273927393,
            2767.875,
            3248.513491414554,
            3493.008480565371,
            3527.9144178874326,
            3988.0062586926288,
            2852.3033333333333,
            2461.2421404682273,
            2400.9273333333335,
            2792.2353333333335,
            3219.6386666666667,
            3307.934,
            3078.834185536888,
            2492.5453333333335,
            2364.802,
            3171.4286666666667
        ],
        "normal": [
            1986.1976935749587,
            2451.105925925926,
            3224.3796477495107,
            4217.37003058104,
            2962.178899082569,
            2199.1086375779164,
            2285.889090909091,
            2227.179104477612,
            2368.636675235647,
            2419.300618238022,
            2046.7755555555555,
            2007.5301115241637,
            1952.565185185185,
            2143.754074074074,
            2377.3888888888887,
            2384.757777777778,
            2277.2962662337663,
            2013.9859259259258,
            1925.2977777777778,
            2346.854074074074
        ],
        "tail": [
            18561.140740740742,
            33552.50666666667,
            22107.63157894737,
            39609.35779816514,
            10992.27868852459,
            7877.672,
            11857.349593495936,
            14840.901408450703,
            13934.661538461538,
            18084.569444444445,
            10102.053333333333,
            6529.526666666667,
            6436.1866666666665,
            8628.566666666668,
            10799.886666666667,
            11616.52,
            10286.824817518249,
            6799.58,
            6320.34,
            10592.6
        ]
    },
    "HTTP POST /reservation": {
        "average": [
            135709.83133333334,
            149600.69333333333,
            91038.56266666666,
            71739.15066666667,
            138010.65133333334,
            155772.88533333334,
            130054.588,
            102941.03266666667,
            130063.05466666666,
            124454.66333333333,
            117929.49066666666,
            119725.736,
            104914.85533333334,
            91006.91533333334,
            93569.65933333333,
            98556.24933333334,
            104576.34533333333,
            98238.814,
            98196.44133333334,
            37245.68066666667
        ],
        "normal": [
            109295.04,
            115272.87555555555,
            58910.56888888889,
            42437.496296296296,
            100963.50666666667,
            117995.68666666666,
            94072.88962962963,
            75531.86444444445,
            98431.43555555555,
            94383.49111111111,
            91133.13851851852,
            89257.3237037037,
            79955.57481481481,
            69252.78074074074,
            70640.49851851852,
            73472.37037037036,
            81845.86444444445,
            73633.02518518518,
            76215.13185185185,
            23337.577777777777
        ],
        "tail": [
            373442.9533333333,
            458551.05333333334,
            380190.50666666665,
            335454.04,
            471434.9533333333,
            495767.67333333334,
            453889.87333333335,
            349623.5466666667,
            414747.62666666665,
            395095.2133333333,
            359096.66,
            393941.44666666666,
            329548.38,
            286794.12666666665,
            299932.1066666667,
            324311.16,
            309150.67333333334,
            319690.91333333333,
            296028.2266666667,
            162418.60666666666
        ]
    },
    "HTTP POST /user": {
        "average": [
            821.0846666666666,
            955.66,
            1593.144,
            1866.7720027720027,
            1194.7573333333332,
            960.554,
            919.404,
            915.008,
            1175.2066666666667,
            993.6833333333333,
            965.77,
            838.124,
            808.78,
            845.9173333333333,
            993.366,
            1036.628,
            957.0946666666666,
            819.5486666666667,
            850.7326666666667,
            1189.1950146627566
        ],
        "normal": [
            571.6437037037037,
            620.1896296296296,
            1068.8244444444445,
            1290.1417565485363,
            761.3644444444444,
            657.9266666666666,
            631.5155555555556,
            643.1437037037037,
            730.0511111111111,
            690.3207407407407,
            663.4,
            612.2785185185185,
            585.1088888888889,
            587.8955555555556,
            662.7962962962963,
            685.5548148148148,
            668.0274074074074,
            582.1814814814815,
            604.2377777777778,
            765.0863895680521
        ],
        "tail": [
            3066.0533333333333,
            3974.8933333333334,
            6312.02,
            7028.606896551724,
            5095.293333333333,
            3684.2,
            3510.4,
            3361.786666666667,
            5181.606666666667,
            3723.9466666666667,
            3687.1,
            2870.733333333333,
            2821.82,
            3168.1133333333332,
            3968.4933333333333,
            4196.286666666667,
            3558.7,
            2955.8533333333335,
            3069.1866666666665,
            4987.598540145986
        ]
    }
}