{
    "HTTP GET /hotels": {
        "average": [
            151887.472,
            42156.39333333333,
            32931.89,
            36026.44866666666,
            34245.850666666665,
            35294.518,
            36659.814666666665,
            38494.954,
            43433.51666666667,
            41781.19933333333
        ],
        "normal": [
            79469.92518518519,
            29406.651851851853,
            23325.937777777777,
            25792.862222222222,
            24830.428888888888,
            26113.34962962963,
            27789.29037037037,
            27308.094814814816,
            31011.142962962964,
            27598.426666666666
        ],
        "tail": [
            803645.3933333333,
            156904.06666666668,
            119385.46,
            128128.72666666667,
            118984.64666666667,
            117925.03333333334,
            116494.53333333334,
            139176.68666666668,
            155234.88,
            169426.15333333332
        ]
    },
    "HTTP GET /recommendations": {
        "average": [
            5207.605905006419,
            9083.04347826087,
            7230.298124383021,
            7580.178853754941,
            7257.799395161291,
            7681.178642714571,
            7583.860234445447,
            6769.5800575263665,
            8361.011450381679,
            8538.718884120171
        ],
        "normal": [
            3673.0014265335235,
            6469.5842696629215,
            5615.676180021954,
            5380.424175824176,
            5524.025784753363,
            5759.7769145394,
            5723.060120240481,
            5161.966950959489,
            6053.874867444327,
            5748.202863961814
        ],
        "tail": [
            18999.371794871793,
            32577.777777777777,
            21651.08823529412,
            27205.441176470587,
            22723.06,
            24821.603960396038,
            24314.297297297297,
            21130.92380952381,
            29081.295238095237,
            33415.87234042553
        ]
    },
    "HTTP POST /reservation": {
        "average": [
            55134.609333333334,
            23118.452,
            13127.718,
            16733.25,
            14910.049333333332,
            14632.269333333334,
            13818.738,
            14097.984,
            13745.174666666666,
            17243.77733333333
        ],
        "normal": [
            34524.98814814815,
            15211.273333333333,
            9980.131111111112,
            12788.58888888889,
            10663.097777777777,
            11234.416296296296,
            10216.141481481482,
            10380.962222222222,
            10669.345185185186,
            10314.048888888889
        ],
        "tail": [
            240621.2,
            94283.06,
            41456.0,
            52235.2,
            53132.613333333335,
            45212.94666666666,
            46242.10666666667,
            47551.18,
            41427.64,
            79611.33333333333
        ]
    },
    "HTTP POST /user": {
        "average": [
            1577.7986666666666,
            3570.7626666666665,
            3179.4446666666668,
            2791.771333333333,
            2908.364666666667,
            2904.242,
            2496.3306666666667,
            2521.425333333333,
            2958.979333333333,
            2959.4526666666666
        ],
        "normal": [
            995.0088888888889,
            1847.0222222222221,
            1550.2081481481482,
            1666.1725925925925,
            1753.3362962962963,
            1914.4007407407407,
            1614.9822222222222,
            1614.2733333333333,
            1790.7422222222222,
            1606.305925925926
        ],
        "tail": [
            6822.906666666667,
            19084.426666666666,
            17842.573333333334,
            12922.16,
            13303.62,
            11812.813333333334,
            10428.466666666667,
            10685.793333333333,
            13473.113333333333,
            15137.773333333333
        ]
    }
}