{
    "HTTP GET /hotels": {
        "average": [
            636531.6032967033
        ],
        "normal": [
            406034.8791208791
        ],
        "tail": [
            2711002.1208791207
        ]
    },
    "HTTP GET /recommendations": {
        "average": [
            12916.0028510335
        ],
        "normal": [
            9446.236133122029
        ],
        "tail": [
            43971.645390070924
        ]
    },
    "HTTP POST /reservation": {
        "average": [
            323595.65205479454
        ],
        "normal": [
            228526.32876712328
        ],
        "tail": [
            1179219.5616438356
        ]
    },
    "HTTP POST /user": {
        "average": [
            4390.908237747653
        ],
        "normal": [
            2671.7589803012747
        ],
        "tail": [
            19845.34375
        ]
    }
}