{
    "HTTP GET /hotels": {
        "average": [
            643731.4448563484,
            733020.7025377449,
            694530.8485
        ],
        "normal": [
            413305.473738414,
            546374.6126383435,
            510648.77055555553
        ],
        "tail": [
            2715431.611111111,
            2408647.939102564,
            2349469.55
        ]
    },
    "HTTP GET /recommendations": {
        "average": [
            11462.864888123924,
            20606.095,
            23232.10775
        ],
        "normal": [
            8753.42009569378,
            14008.752222222221,
            16672.868333333332
        ],
        "tail": [
            35662.606837606836,
            79982.18,
            82265.2625
        ]
    },
    "HTTP POST /reservation": {
        "average": [
            398129.7410817031,
            60764.3705,
            94977.2135
        ],
        "normal": [
            278763.8337595908,
            49403.87388888889,
            57547.26305555556
        ],
        "tail": [
            1471050.8850574712,
            163008.84,
            431846.7675
        ]
    },
    "HTTP POST /user": {
        "average": [
            4543.15578817734,
            10830.953,
            9415.455
        ],
        "normal": [
            2777.5126625598905,
            5978.422222222222,
            5004.411666666667
        ],
        "tail": [
            20368.9509202454,
            54503.73,
            49114.845
        ]
    }
}