{
    "HTTP GET /hotels": {
        "average": [
            51133.121333333336
        ],
        "normal": [
            29377.30888888889
        ],
        "tail": [
            246935.43333333332
        ]
    },
    "HTTP GET /recommendations": {
        "average": [
            4732.895333333333
        ],
        "normal": [
            3636.160740740741
        ],
        "tail": [
            14603.506666666666
        ]
    },
    "HTTP POST /reservation": {
        "average": [
            24950.570666666667
        ],
        "normal": [
            16009.52
        ],
        "tail": [
            105420.02666666667
        ]
    },
    "HTTP POST /user": {
        "average": [
            1680.9486666666667
        ],
        "normal": [
            1026.3785185185186
        ],
        "tail": [
            7572.08
        ]
    }
}