{
    "HTTP GET /hotels": {
        "average": [
            39862.48933333333
        ],
        "normal": [
            23606.554074074073
        ],
        "tail": [
            186165.90666666668
        ]
    },
    "HTTP GET /recommendations": {
        "average": [
            3520.7026666666666
        ],
        "normal": [
            2686.094814814815
        ],
        "tail": [
            11032.173333333334
        ]
    },
    "HTTP POST /reservation": {
        "average": [
            54798.29
        ],
        "normal": [
            35695.40888888889
        ],
        "tail": [
            226724.22
        ]
    },
    "HTTP POST /user": {
        "average": [
            1175.7513333333334
        ],
        "normal": [
            764.6703703703704
        ],
        "tail": [
            4875.48
        ]
    }
}