{
    "HTTP GET /hotels": {
        "average": [
            67991.05066666666
        ],
        "normal": [
            38860.7037037037
        ],
        "tail": [
            330164.17333333334
        ]
    },
    "HTTP GET /recommendations": {
        "average": [
            5778.02421875
        ],
        "normal": [
            3900.3255208333335
        ],
        "tail": [
            22677.3125
        ]
    },
    "HTTP POST /reservation": {
        "average": [
            24605.532
        ],
        "normal": [
            14689.562962962964
        ],
        "tail": [
            113849.25333333333
        ]
    },
    "HTTP POST /user": {
        "average": [
            2247.9713333333334
        ],
        "normal": [
            1110.825925925926
        ],
        "tail": [
            12482.28
        ]
    }
}