{
    "HTTP GET /hotels": {
        "average": [
            24064.67,
            40583.1,
            30578.34,
            50334.89,
            36098.27,
            40381.67,
            33715.7,
            34773.22,
            36069.09,
            27242.62,
            28132.42,
            53058.41,
            42665.74,
            29587.68,
            54569.65,
            73682.81,
            29672.21,
            36048.99,
            30830.88,
            47117.94
        ],
        "normal": [
            17882.21111111111,
            31077.71111111111,
            20378.577777777777,
            31995.11111111111,
            20924.48888888889,
            31778.266666666666,
            24529.21111111111,
            21479.833333333332,
            28645.3,
            13921.266666666666,
            19421.088888888888,
            35955.311111111114,
            30088.422222222223,
            20773.0,
            33534.85555555556,
            40884.36666666667,
            20118.222222222223,
            27522.266666666666,
            22681.066666666666,
            24742.833333333332
        ],
        "tail": [
            79706.8,
            126131.6,
            122376.2,
            215392.9,
            172662.3,
            117812.3,
            116394.1,
            154413.7,
            102883.2,
            147134.8,
            106534.4,
            206986.3,
            155861.6,
            108919.8,
            243882.8,
            368868.8,
            115658.1,
            112789.5,
            104179.2,
            248493.9
        ]
    },
    "HTTP GET /recommendations": {
        "average": [
            6298.25,
            6714.63,
            5719.06,
            5366.49,
            5802.04,
            5529.33,
            6093.77,
            5419.12,
            6546.95,
            6519.36,
            5396.85,
            7416.11,
            6746.15,
            7383.34,
            7093.66,
            6687.41,
            5144.63,
            5140.3,
            6281.19,
            6174.67
        ],
        "normal": [
            5521.944444444444,
            5956.711111111111,
            5018.866666666667,
            4703.5888888888885,
            5030.8,
            4783.266666666666,
            5229.688888888889,
            4496.233333333334,
            5862.888888888889,
            5565.111111111111,
            4706.644444444444,
            6657.0,
            6034.844444444445,
            6705.044444444445,
            6305.277777777777,
            5978.988888888889,
            4345.5,
            4440.444444444444,
            5274.844444444445,
            5509.2444444444445
        ],
        "tail": [
            13285.0,
            13535.9,
            12020.8,
            11332.6,
            12743.2,
            12243.9,
            13870.5,
            13725.1,
            12703.5,
            15107.6,
            11608.7,
            14248.1,
            13147.9,
            13488.0,
            14189.1,
            13063.2,
            12336.8,
            11439.0,
            15338.3,
            12163.5
        ]
    },
    "HTTP POST /reservation": {
        "average": [
            12905.71,
            12724.09,
            12104.39,
            12051.19,
            12134.41,
            12517.33,
            11055.47,
            16359.16,
            33199.62,
            29624.88,
            28541.01,
            30931.15,
            28265.59,
            26514.56,
            27395.3,
            24795.48,
            31281.48,
            36157.7,
            37296.86,
            30180.07
        ],
        "normal": [
            11616.41111111111,
            11832.622222222222,
            11161.133333333333,
            10876.566666666668,
            10642.011111111111,
            11215.322222222223,
            10276.822222222223,
            13197.633333333333,
            23855.444444444445,
            21198.411111111112,
            20336.4,
            22297.87777777778,
            19227.555555555555,
            18250.666666666668,
            21098.366666666665,
            18012.133333333335,
            21937.766666666666,
            26278.233333333334,
            28574.277777777777,
            21202.98888888889
        ],
        "tail": [
            24509.4,
            20747.3,
            20593.7,
            22622.8,
            25566.0,
            24235.4,
            18063.3,
            44812.9,
            117297.2,
            105463.1,
            102382.5,
            108630.6,
            109607.9,
            100889.6,
            84067.7,
            85845.6,
            115374.9,
            125072.9,
            115800.1,
            110973.8
        ]
    },
    "HTTP POST /user": {
        "average": [
            2573.72,
            3024.91,
            2864.72,
            2703.6,
            1898.72,
            2599.67,
            2134.42,
            2116.47,
            2863.28,
            3163.39,
            1864.88,
            2120.42,
            3213.95,
            3063.03,
            2374.72,
            2884.29,
            2562.57,
            1858.37,
            1886.64,
            2788.61
        ],
        "normal": [
            2208.4222222222224,
            2387.4666666666667,
            2159.9222222222224,
            2259.677777777778,
            1573.4777777777779,
            2181.788888888889,
            1696.4666666666667,
            1400.8333333333333,
            2127.7,
            2455.311111111111,
            1463.3333333333333,
            1577.7111111111112,
            2687.733333333333,
            2464.0333333333333,
            1701.5111111111112,
            2426.0444444444443,
            1900.6777777777777,
            1455.2111111111112,
            1569.1444444444444,
            2070.366666666667
        ],
        "tail": [
            5861.4,
            8761.9,
            9207.9,
            6698.9,
            4825.9,
            6360.6,
            6076.0,
            8557.2,
            9483.5,
            9536.1,
            5478.8,
            7004.8,
            7949.9,
            8454.0,
            8433.6,
            7008.5,
            8519.6,
            5486.8,
            4744.1,
            9252.8
        ]
    }
}