,HTTP GET /hotels,HTTP GET /recommendations,HTTP POST /reservation,HTTP POST /user
frontend,48632.506,1788.186,45077.656,765.7426666666667
geo,96.0987239758227,/,/,/
profile,24.1049092131809,454.19171676686705,/,/
rate,1119.7152496626181,/,/,/
reservation,115161.06809078771,/,57496.17733333333,/
search,1853.790463398254,/,/,/
recommendation,/,39.586666666666666,/,/
user,/,/,24.201333333333334,21.93
