,HTTP GET /hotels,HTTP GET /recommendations,HTTP POST /reservation,HTTP POST /user
frontend,66148.73933333333,1990.7593333333334,54935.41333333333,1104.0726666666667
geo,103.38266666666667,/,/,/
profile,26.216307277628033,436.59075686537176,/,/
rate,1550.3593333333333,/,/,/
reservation,148773.03879598662,/,76364.43596730246,/
search,2214.7386363636365,/,/,/
recommendation,/,46.15,/,/
user,/,/,21.795669824086602,18.622666666666667
