,HTTP GET /hotels,HTTP GET /recommendations,HTTP POST /reservation,HTTP POST /user
frontend,54044.23266666666,1637.584,45949.668666666665,782.642
geo,96.09644322845418,/,/,/
profile,24.915139171758316,447.7858585858586,/,/
rate,1244.5807327001357,/,/,/
reservation,123457.26858673811,/,64331.20615796519,/
search,1799.143635125936,/,/,/
recommendation,/,42.34466666666667,/,/
user,/,/,21.522666666666666,24.589381720430108
