,HTTP GET /hotels,HTTP GET /recommendations,HTTP POST /reservation,HTTP POST /user
frontend,35276.23933333333,2186.5653333333335,27223.657333333333,992.8526666666667
geo,104.52933333333333,/,/,/
profile,165.70700203942897,556.78,/,/
rate,2016.5806666666667,/,/,/
reservation,83644.41950567803,/,89244.20841683367,/
search,2356.2432614555255,/,/,/
recommendation,/,48.45133333333333,/,/
user,/,/,22.889779559118235,19.590666666666667
