,HTTP GET /hotels,HTTP GET /recommendations,HTTP POST /reservation,HTTP POST /user
frontend,51496.27533333333,1826.5166666666667,38892.166666666664,850.7653333333334
geo,123.796,/,/,/
profile,29.488666666666667,458.5381016042781,/,/
rate,1285.9486666666667,/,/,/
reservation,113117.60738255034,/,57896.94429530201,/
search,1944.724,/,/,/
recommendation,/,42.62115127175368,/,/
user,/,/,19.317333333333334,19.802543507362785
