,HTTP GET /hotels,HTTP GET /recommendations,HTTP POST /reservation,HTTP POST /user
frontend,51870.95733333333,1857.1073333333334,45935.156,871.0866666666667
geo,93.98066666666666,/,/,/
profile,27.170666666666666,568.5381526104418,/,/
rate,1266.2546666666667,/,/,/
reservation,130276.68333333333,/,59428.89750505731,/
search,1951.9906666666666,/,/,/
recommendation,/,47.34733333333333,/,/
user,/,/,26.978983050847457,21.728666666666665
