,HTTP GET /hotels,HTTP GET /recommendations,HTTP POST /reservation,HTTP POST /user
frontend,52207.202,1985.2226666666666,41395.10333333333,922.722
geo,103.23,/,/,/
profile,28.686,487.44362416107384,/,/
rate,1449.9993333333334,/,/,/
reservation,134919.2030728123,/,64638.48729946524,/
search,2164.6033333333335,/,/,/
recommendation,/,40.81733333333333,/,/
user,/,/,20.2357669122572,22.666
