,HTTP GET /hotels,HTTP GET /recommendations,HTTP POST /reservation,HTTP POST /user
frontend,52108.371333333336,1774.8566666666666,41095.71,834.3073333333333
geo,92.122,/,/,/
profile,24.907912687585267,463.91465053763443,/,/
rate,1362.6393333333333,/,/,/
reservation,139839.33534136545,/,61540.99328408328,/
search,2036.4828282828282,/,/,/
recommendation,/,40.64140730717185,/,/
user,/,/,21.1,19.662
