,HTTP GET /hotels,HTTP GET /recommendations,HTTP POST /reservation,HTTP POST /user
frontend,50340.58933333333,1939.824,42332.08266666667,891.544
geo,95.53866666666667,/,/,/
profile,27.858,496.397856664434,/,/
rate,1427.682,/,/,/
reservation,110359.17556742323,/,44434.47443762781,/
search,2134.829333333333,/,/,/
recommendation,/,44.58266666666667,/,/
user,/,/,19.47288949897049,25.625333333333334
