,HTTP GET /hotels,HTTP GET /recommendations,HTTP POST /reservation,HTTP POST /user
frontend,51707.276666666665,1749.714,43633.494666666666,838.0753333333333
geo,96.13333333333334,/,/,/
profile,25.914110429447852,423.7126666666667,/,/
rate,1333.0713333333333,/,/,/
reservation,124282.26440677966,/,69358.15240641711,/
search,1938.9636118598382,/,/,/
recommendation,/,41.86333333333334,/,/
user,/,/,28.298666666666666,18.337333333333333
