,HTTP GET /hotels,HTTP GET /recommendations,HTTP POST /reservation,HTTP POST /user
frontend,47627.828,1679.7886666666666,43564.867333333335,821.6193333333333
geo,100.57466666666667,/,/,/
profile,26.541496598639455,477.8673333333333,/,/
rate,1247.7553333333333,/,/,/
reservation,107605.63351134847,/,63188.93925233645,/
search,2069.796109993293,/,/,/
recommendation,/,43.70133333333333,/,/
user,/,/,22.166,19.436
