,HTTP GET /hotels,HTTP GET /recommendations,HTTP POST /reservation,HTTP POST /user
frontend,50590.666666666664,1737.504,44455.191333333336,825.3546666666666
geo,89.73133333333334,/,/,/
profile,26.375333333333334,490.6311530681052,/,/
rate,1318.5673333333334,/,/,/
reservation,142948.3675783856,/,66356.18933333333,/
search,1903.8926666666666,/,/,/
recommendation,/,42.11,/,/
user,/,/,24.994,21.4
