,HTTP GET /hotels,HTTP GET /recommendations,HTTP POST /reservation,HTTP POST /user
frontend,49544.35666666667,1893.9893333333334,42816.68866666667,867.0886666666667
geo,97.696,/,/,/
profile,25.176,483.8348930481283,/,/
rate,1469.3606666666667,/,/,/
reservation,121224.78571428571,/,59241.527443105755,/
search,2458.612666666667,/,/,/
recommendation,/,40.70133333333333,/,/
user,/,/,19.949731903485254,25.832
