{
    "HTTP GET /hotels": {
        "average": [
            123339.94933333334,
            166859.116,
            166581.082,
            194873.862,
            179810.64533333332,
            158516.224,
            196588.01133333333,
            217174.886,
            169340.70933333333,
            177276.84266666666,
            185487.03733333334,
            190603.08533333332,
            174658.35466666668,
            187400.94,
            164238.52733333333
        ],
        "normal": [
            84396.06370370371,
            102978.7437037037,
            101758.0437037037,
            121003.25925925926,
            105668.06148148148,
            99349.93333333333,
            136161.68148148147,
            127334.28222222222,
            112271.33407407407,
            113910.5488888889,
            106862.38296296296,
            121202.10888888889,
            113482.38444444444,
            114689.54,
            112789.95185185185
        ],
        "tail": [
            473834.92,
            741782.4666666667,
            749988.4266666666,
            859709.2866666666,
            847093.9,
            691012.84,
            740424.98,
            1025740.32,
            682965.0866666667,
            747573.4866666667,
            893108.9266666666,
            815211.8733333333,
            725242.0866666667,
            841803.54,
            627275.7066666667
        ]
    },
    "HTTP GET /recommendations": {
        "average": [
            2791.7966666666666,
            2326.2826666666665,
            2281.056,
            2275.1053333333334,
            2123.2366666666667,
            2201.3573333333334,
            2264.6846666666665,
            2471.462666666667,
            2444.6833333333334,
            2215.29,
            2470.7186666666666,
            2510.234,
            2417.2353333333335,
            2286.5853333333334,
            2478.488
        ],
        "normal": [
            2048.1674074074076,
            1810.5533333333333,
            1764.4666666666667,
            1857.7755555555555,
            1763.8592592592593,
            1806.0044444444445,
            1865.6177777777777,
            1851.1962962962964,
            2032.7725925925927,
            1830.5703703703705,
            1951.8725925925926,
            1978.754074074074,
            1933.4214814814816,
            1889.6362962962962,
            2057.196296296296
        ],
        "tail": [
            9484.46,
            6967.846666666666,
            6930.36,
            6031.073333333334,
            5357.633333333333,
            5759.533333333334,
            5856.286666666667,
            8053.86,
            6151.88,
            5677.766666666666,
            7140.333333333333,
            7293.553333333333,
            6771.56,
            5859.126666666667,
            6270.113333333334
        ]
    },
    "HTTP POST /reservation": {
        "average": [
            116312.22133333333,
            96422.44866666666,
            102598.03466666667,
            102206.50266666667,
            110045.07266666666,
            106691.72066666666,
            110836.37466666667,
            129692.21733333333,
            113921.52866666667,
            112834.99066666666,
            104717.05533333334,
            105881.36266666667,
            101841.09333333334,
            95467.298,
            85807.91333333333
        ],
        "normal": [
            75996.4874074074,
            67760.15185185186,
            75021.77925925926,
            73596.68222222223,
            77446.58,
            79419.97111111111,
            86921.01185185186,
            91534.5674074074,
            86281.83777777778,
            85200.79629629629,
            71421.99777777778,
            75275.21851851852,
            72655.47777777778,
            66172.32296296296,
            62395.09185185185
        ],
        "tail": [
            479153.82666666666,
            354383.12,
            350784.3333333333,
            359694.88666666666,
            403431.50666666665,
            352137.4666666667,
            326074.64,
            473111.06666666665,
            362678.74666666664,
            361542.74,
            404372.5733333333,
            381336.66,
            364511.63333333336,
            359122.0733333333,
            296523.30666666664
        ]
    },
    "HTTP POST /user": {
        "average": [
            1012.4433333333334,
            870.4886666666666,
            787.6726666666667,
            853.9693333333333,
            807.0346666666667,
            841.0553333333334,
            846.7546666666667,
            1122.6953333333333,
            956.548,
            856.4126666666667,
            892.8153333333333,
            945.388,
            892.9206666666666,
            839.398,
            917.1693333333334
        ],
        "normal": [
            648.7777777777778,
            604.5533333333333,
            597.4807407407408,
            620.0140740740741,
            599.0651851851852,
            612.8392592592593,
            631.8022222222222,
            631.9392592592593,
            685.7155555555555,
            622.7288888888888,
            648.3674074074074,
            703.8866666666667,
            649.9962962962964,
            618.4348148148148,
            672.7362962962962
        ],
        "tail": [
            4285.433333333333,
            3263.9066666666668,
            2499.4,
            2959.5666666666666,
            2678.76,
            2895.0,
            2781.326666666667,
            5539.5,
            3394.04,
            2959.5666666666666,
            3092.846666666667,
            3118.9,
            3079.24,
            2828.0666666666666,
            3117.0666666666666
        ]
    }
}