,HTTP GET /hotels,HTTP GET /recommendations,HTTP POST /reservation,HTTP POST /user
frontend,11488.2671,4477.343,17650.9019,2791.7062
geo,127.2163,/,/,/
profile,51.32399719915975,666.8937893789379,/,/
rate,92311.4272845561,/,/,/
reservation,36055.6933253157,/,23894.02746478873,/
search,98895.6356,/,/,/
recommendation,/,41.768253650730145,/,/
user,/,/,16.62387342279191,16.08200820082008
