,HTTP GET /hotels,HTTP GET /recommendations,HTTP POST /reservation,HTTP POST /user
frontend,48726.5142,4270.6595,39272.18200883002,1102.4344
geo,90.7358,/,/,/
profile,151.43130191133793,466.68822587104523,/,/
rate,94864.57078494193,/,/,/
reservation,173027.25855283075,/,64507.645053475935,/
search,101030.51350810486,/,/,/
recommendation,/,36.7244417743066,/,/
user,/,/,17.629379904940865,15.539897621198435
