,HTTP GET /hotels,HTTP GET /recommendations,HTTP POST /reservation,HTTP POST /user
frontend,28225.5704,6586.406,16428.9186,834.0038
geo,125.3193,/,/,/
profile,22.303030303030305,508.1877187718772,/,/
rate,96280.7074,/,/,/
reservation,94029.51002316913,/,22724.504943502823,/
search,96051.08731746349,/,/,/
recommendation,/,40.11911191119112,/,/
user,/,/,14.732766383191596,13.703406813627254
