{
    "HTTP GET /hotels": {
        "average": [
            395388.2109553309,
            414094.2269,
            238690.8139,
            144269.0006,
            312679.2294
        ],
        "normal": [
            237119.48858695652,
            287926.9936666667,
            154526.982,
            64001.319444444445,
            211040.45877777776
        ],
        "tail": [
            1818260.11237785,
            1549599.326,
            996165.301,
            866678.131,
            1227428.165
        ]
    },
    "HTTP GET /recommendations": {
        "average": [
            4502.522519433013,
            4773.4644,
            5185.93,
            8764.3468,
            7134.658
        ],
        "normal": [
            1590.2070367077354,
            1811.0042222222223,
            2342.5956666666666,
            2997.461,
            2216.683111111111
        ],
        "tail": [
            30706.705142857143,
            31435.606,
            30775.939,
            60666.319,
            51396.432
        ]
    },
    "HTTP POST /reservation": {
        "average": [
            174133.11148315936,
            103199.34701986755,
            41418.1658,
            39496.1139,
            38968.1733
        ],
        "normal": [
            124342.026482819,
            58254.193892568066,
            15954.641111111112,
            16357.429777777777,
            15786.682222222222
        ],
        "tail": [
            621958.8346456693,
            507705.72516556294,
            270589.888,
            247744.271,
            247601.593
        ]
    },
    "HTTP POST /user": {
        "average": [
            1914.3361,
            1117.9168,
            2807.7866,
            3849.2125,
            847.6798
        ],
        "normal": [
            559.4976666666666,
            506.11966666666666,
            979.5457777777777,
            783.066,
            469.1801111111111
        ],
        "tail": [
            14107.882,
            6624.091,
            19261.954,
            31444.531,
            4254.177
        ]
    }
}