,HTTP GET /hotels,HTTP GET /recommendations,HTTP POST /reservation,HTTP POST /user
frontend,26579.891833333335,15245.044166666667,4565.663166666666,1232.9253333333334
geo,105.57584880414785,/,/,/
profile,318.2487055286454,5492.013,/,/
rate,8496.237514614999,/,/,/
reservation,13019.317460317461,/,52424.66744730679,/
search,12150.155123260103,/,/,/
recommendation,/,44.253516409912926,/,/
user,/,/,19.711878545211878,30.136113427856547
