,HTTP GET /hotels,HTTP GET /recommendations,HTTP POST /reservation,HTTP POST /user
frontend,63284.95966666667,25750.997666666666,31879.028,10938.486
geo,187.62883845126836,/,/,/
profile,529.0040053404539,3854.236412137379,/,/
rate,19971.31008010681,/,/,/
reservation,66997.3959933222,/,878420.6184122749,/
search,28662.897590361445,/,/,/
recommendation,/,64.08811748998664,/,/
user,/,/,45.49416082749416,60.64741235392321
