,HTTP GET /hotels,HTTP GET /recommendations,HTTP POST /reservation,HTTP POST /user
frontend,52739.786,14322.093,19119.661666666667,4313.176666666666
geo,188.0053440213761,/,/,/
profile,104.339005672339,5891.640333333334,/,/
rate,45375.236551954564,/,/,/
reservation,78857.89866666666,/,188257.2802142618,/
search,65108.8889632107,/,/,/
recommendation,/,66.98693904889484,/,/
user,/,/,55.65013404825737,57.640201005025126
