,HTTP GET /hotels,HTTP GET /recommendations,HTTP POST /reservation,HTTP POST /user
frontend,53558.225666666665,11031.087333333333,49422.35,4812.683333333333
geo,171.4603068712475,/,/,/
profile,70.10677344010678,3385.867622540847,/,/
rate,9898.102735156772,/,/,/
reservation,95562.56784759359,/,244409.23556890222,/
search,17626.018,/,/,/
recommendation,/,62.13942628418946,/,/
user,/,/,37.343666666666664,66.7484989993329
