,HTTP GET /hotels,HTTP GET /recommendations,HTTP POST /reservation,HTTP POST /user
frontend,64126.888,15472.624,40006.3706,7643.6915
geo,97.89724586880321,/,/,/
profile,24.83063063063063,854.5478900191358,/,/
rate,65140.39216668336,/,/,/
reservation,158724.1734579819,/,23163.233729021693,/
search,71908.39088536438,/,/,/
recommendation,/,38.72004422999598,/,/
user,/,/,18.70234515935057,22.387449799196787
