,HTTP GET /hotels,HTTP GET /recommendations,HTTP POST /reservation,HTTP POST /user
frontend,31576.056,1495.3276666666666,25892.0805,622.8245
geo,97.76138647019424,/,/,/
profile,33.62209593849239,504.11316975463194,/,/
rate,1053.4477238619309,/,/,/
reservation,126232.08855903936,/,41892.98932799733,/
search,1569.3046379713046,/,/,/
recommendation,/,32.77787077335119,/,/
user,/,/,17.050008390669575,15.849757403379622
