,HTTP GET /hotels,HTTP GET /recommendations,HTTP POST /reservation,HTTP POST /user
frontend,18810.018333333333,1137.2571666666668,19329.836166666668,516.414
geo,85.22903817302884,/,/,/
profile,23.940156692782132,365.2634130035099,/,/
rate,88390.8875,/,/,/
reservation,70515.40600500417,/,28442.70426065163,/
search,116087.26854475746,/,/,/
recommendation,/,32.26737967914438,/,/
user,/,/,14.550792326939115,14.28621436906151
