,HTTP GET /hotels,HTTP GET /recommendations,HTTP POST /reservation,HTTP POST /user
frontend,45187.024,10392.378,29772.988166666666,4554.108
geo,176.42797529627774,/,/,/
profile,140.16636075421326,4040.427166666667,/,/
rate,46012.57438637502,/,/,/
reservation,63100.02323249206,/,186157.63872590108,/
search,66002.4426448489,/,/,/
recommendation,/,78.697,/,/
user,/,/,54.63770053475936,40.0728465679677
