,HTTP GET /hotels,HTTP GET /recommendations,HTTP POST /reservation,HTTP POST /user
frontend,17819.665,10572.247166666666,2497.8465,892.3891666666667
geo,111.59966638865721,/,/,/
profile,119.19446297531688,3465.0135451505016,/,/
rate,11558.517615628652,/,/,/
reservation,5650.788156797331,/,62804.155592654424,/
search,20549.131415110212,/,/,/
recommendation,/,39.26622185154295,/,/
user,/,/,19.104883369692903,17.473288814691152
