,HTTP GET /hotels,HTTP GET /recommendations,HTTP POST /reservation,HTTP POST /user
frontend,18143.581666666665,1700.0081666666667,10884.832666666667,849.7465
geo,103.57297748123436,/,/,/
profile,24.56513026052104,642.6575388211721,/,/
rate,39510.52382544725,/,/,/
reservation,60500.65610406938,/,23344.37376939763,/
search,48991.79642020743,/,/,/
recommendation,/,32.73657802308078,/,/
user,/,/,17.736648865153537,27.46541090181697
