{
    "HTTP GET /hotels": {
        "average": [
            82320.70975,
            136297.80475,
            52687.14125,
            118722.599
        ],
        "normal": [
            42817.239166666666,
            97077.34416666666,
            31598.0525,
            82029.77527777778
        ],
        "tail": [
            437851.945,
            489281.95,
            242488.94,
            448958.0125
        ]
    },
    "HTTP GET /recommendations": {
        "average": [
            4199.66975,
            3331.2235,
            4944.9175,
            3986.02875
        ],
        "normal": [
            2973.2383333333332,
            2395.2452777777776,
            3454.4991666666665,
            2626.238611111111
        ],
        "tail": [
            15237.5525,
            11755.0275,
            18358.6825,
            16224.14
        ]
    },
    "HTTP POST /reservation": {
        "average": [
            48140.59422283356,
            37298.94775,
            30236.136,
            15786.107
        ],
        "normal": [
            27936.886129155522,
            14102.808611111112,
            11848.91138888889,
            7769.668055555556
        ],
        "tail": [
            229835.10996563573,
            246064.2,
            195721.1575,
            87934.0575
        ]
    },
    "HTTP POST /user": {
        "average": [
            1326.54425,
            1208.788,
            1729.8515,
            1344.262
        ],
        "normal": [
            782.0877777777778,
            780.9847222222222,
            1117.5613888888888,
            898.2955555555556
        ],
        "tail": [
            6226.6525,
            5059.0175,
            7240.4625,
            5357.96
        ]
    }
}