{
    "HTTP GET /hotels": {
        "average": [
            293827.5626666667,
            160474.803,
            166574.38316666667,
            123341.02216666666,
            89114.712,
            157439.699,
            180911.73666666666
        ],
        "normal": [
            214718.7212962963,
            81243.71629629629,
            116086.92666666667,
            79592.84148148148,
            48796.62018518519,
            110868.2237037037,
            122347.34129629629
        ],
        "tail": [
            1005807.135,
            873554.5833333334,
            620961.4916666667,
            517074.6483333333,
            451977.53833333333,
            576582.9766666667,
            707991.295
        ]
    },
    "HTTP GET /recommendations": {
        "average": [
            1533.667,
            2031.3205,
            2374.1095,
            9000.141666666666,
            10219.636166666667,
            5764.820333333333,
            2824.6961666666666
        ],
        "normal": [
            1237.6425925925926,
            1356.117962962963,
            1462.0870370370371,
            4047.9014814814814,
            4862.57425925926,
            2414.07962962963,
            1570.6912962962963
        ],
        "tail": [
            4197.886666666666,
            8108.143333333333,
            10582.311666666666,
            53570.30333333334,
            58433.193333333336,
            35921.486666666664,
            14110.74
        ]
    },
    "HTTP POST /reservation": {
        "average": [
            47715.97233333333,
            67781.05683333334,
            34219.68433333333,
            44934.902,
            30046.292666666668,
            15855.794166666667,
            31338.1655
        ],
        "normal": [
            23443.978148148148,
            41729.447962962964,
            14652.69462962963,
            19782.77296296296,
            15568.983888888888,
            6210.5114814814815,
            15747.908703703704
        ],
        "tail": [
            266163.92,
            302245.5366666667,
            210322.59166666667,
            271304.06333333335,
            160342.07166666666,
            102663.33833333333,
            171650.47666666665
        ]
    },
    "HTTP POST /user": {
        "average": [
            530.6978333333333,
            638.6135,
            877.2073333333333,
            1059.2146666666667,
            1010.6123333333334,
            866.5598333333334,
            825.6918333333333
        ],
        "normal": [
            390.5242592592593,
            450.4259259259259,
            501.9766666666667,
            569.8485185185185,
            582.9740740740741,
            529.044074074074,
            505.8837037037037
        ],
        "tail": [
            1792.26,
            2332.3016666666667,
            4254.283333333334,
            5463.51,
            4859.356666666667,
            3904.201666666667,
            3703.965
        ]
    }
}