,HTTP GET /hotels,HTTP GET /recommendations,HTTP POST /reservation,HTTP POST /user
frontend,21437.29901757299,1367.1206082852648,15854.297044155212,683.0066428835036
geo,91.0959966754398,/,/,/
profile,179.64820711615673,395.54136619902977,/,/
rate,16112.39568046518,/,/,/
reservation,77940.73194021589,/,313759.82287104626,/
search,17568.854097452935,/,/,/
recommendation,/,33.84714210802307,/,/
user,/,/,17.700231340557654,18.096587409141307
