,HTTP GET /hotels,HTTP GET /recommendations,HTTP POST /reservation,HTTP POST /user
frontend,34226.45243243243,1406.4787350054526,29504.679335514724,684.8785549577249
geo,91.08493894165537,/,/,/
profile,282.6941272430669,410.85005452562706,/,/
rate,1778.6612554112555,/,/,/
reservation,119448.84925575102,/,248012.04458438288,/
search,1948.9961966856833,/,/,/
recommendation,/,35.300628587045644,/,/
user,/,/,20.264535615403975,19.964120963608405
