,HTTP GET /hotels,HTTP GET /recommendations,HTTP POST /reservation,HTTP POST /user
frontend,29395.969759599695,2220.453,20489.8513,1009.6151
geo,100.43641901446753,/,/,/
profile,134.267247007617,468.08692160995685,/,/
rate,104383.90141458107,/,/,/
reservation,111142.71618673648,/,38655.12453550266,/
search,105878.99836672474,/,/,/
recommendation,/,35.791850220264315,/,/
user,/,/,17.030515257628814,16.1115
