{
    "HTTP GET /hotels": {
        "average": [
            157591.87108108107,
            133302.55541718556
        ],
        "normal": [
            87390.55165165165,
            69466.51783517835
        ],
        "tail": [
            789403.745945946,
            707562.0138312586
        ]
    },
    "HTTP GET /recommendations": {
        "average": [
            1852.54280261723,
            1796.4572627163084
        ],
        "normal": [
            1473.0096940321114,
            1368.964603058995
        ],
        "tail": [
            5266.272479564032,
            5642.770642201835
        ]
    },
    "HTTP POST /reservation": {
        "average": [
            277349.71532846714,
            329593.6372704051
        ],
        "normal": [
            116297.24251748252,
            111705.52189781022
        ],
        "tail": [
            1723989.3894472362,
            2288203.938031592
        ]
    },
    "HTTP POST /user": {
        "average": [
            704.8375608506277,
            701.0765161766515
        ],
        "normal": [
            500.69817767653757,
            481.7409786768726
        ],
        "tail": [
            2538.4373401534526,
            2674.8265682656825
        ]
    }
}