{
    "HTTP GET /hotels": {
        "average": [
            281240.904338735,
            349804.8363972588
        ],
        "normal": [
            161756.42114435087,
            250075.41230508883
        ],
        "tail": [
            1355353.3733681461,
            1246610.8423913044
        ]
    },
    "HTTP GET /recommendations": {
        "average": [
            2379.710028504794,
            2722.5569
        ],
        "normal": [
            1540.523754678952,
            1536.851111111111
        ],
        "tail": [
            9930.212435233161,
            13393.909
        ]
    },
    "HTTP POST /reservation": {
        "average": [
            139489.6298399587,
            58995.7808
        ],
        "normal": [
            100495.18473895582,
            26565.660888888888
        ],
        "tail": [
            489836.6288659794,
            350866.86
        ]
    },
    "HTTP POST /user": {
        "average": [
            1099.827120969586,
            1025.7266
        ],
        "normal": [
            525.0160101651843,
            478.64255555555553
        ],
        "tail": [
            6263.940639269406,
            5949.483
        ]
    }
}