,HTTP GET /hotels,HTTP GET /recommendations,HTTP POST /reservation,HTTP POST /user
frontend,3732.5046666666667,2194.2253333333333,2424.4353333333333,868.8026666666667
geo,120.91801075268818,/,/,/
profile,63.27466666666667,609.5870147255689,/,/
rate,4047.7839297771775,/,/,/
reservation,7665.718052738337,/,122334.13145539907,/
search,4278.471583220568,/,/,/
recommendation,/,44.3045515394913,/,/
user,/,/,15.658666666666667,15.568930733019503
