,HTTP GET /hotels,HTTP GET /recommendations,HTTP POST /reservation,HTTP POST /user
frontend,4501.130666666667,3931.161525974026,3533.9666666666667,1811.788
geo,213.91554959785523,/,/,/
profile,42.62057448229793,1253.6477272727273,/,/
rate,4551.920348058902,/,/,/
reservation,6341.878848728246,/,8639.04414715719,/
search,6061.871247498332,/,/,/
recommendation,/,78.19318181818181,/,/
user,/,/,26.592666666666666,26.579333333333334
