,HTTP GET /hotels,HTTP GET /recommendations,HTTP POST /reservation,HTTP POST /user
frontend,5208.738666666667,3900.905826017558,3845.702,1662.9746666666667
geo,167.09238031018205,/,/,/
profile,57.00535833891494,1323.2837729816147,/,/
rate,6820.1840161182,/,/,/
reservation,10993.611559139785,/,6805.048829431438,/
search,6206.704819277108,/,/,/
recommendation,/,61.132482043096566,/,/
user,/,/,15.592666666666666,16.802666666666667
