,HTTP GET /hotels,HTTP GET /recommendations,HTTP POST /reservation,HTTP POST /user
frontend,5001.819333333333,3770.234,3490.1413333333335,1503.5186666666666
geo,150.99328859060404,/,/,/
profile,55.59732441471572,1230.4766355140187,/,/
rate,4225.816544362909,/,/,/
reservation,9724.272727272728,/,5609.400671140939,/
search,5024.653538050734,/,/,/
recommendation,/,46.379839786381844,/,/
user,/,/,16.954,13.901333333333334
