,HTTP GET /hotels,HTTP GET /recommendations,HTTP POST /reservation,HTTP POST /user
frontend,6000.162,4195.940666666666,3687.9706666666666,1362.4573333333333
geo,183.46492985971943,/,/,/
profile,49.278666666666666,1411.4566666666667,/,/
rate,7957.226351351352,/,/,/
reservation,10387.043243243243,/,8024.154666666666,/
search,7564.579797979798,/,/,/
recommendation,/,77.218,/,/
user,/,/,16.902013422818793,17.117333333333335
