,HTTP GET /hotels,HTTP GET /recommendations,HTTP POST /reservation,HTTP POST /user
frontend,7796.361333333333,4328.246220302376,7297.972,1756.710447761194
geo,200.462,/,/,/
profile,60.65866666666667,1436.2217391304348,/,/
rate,4718.390666666666,/,/,/
reservation,16782.801333333333,/,16091.771333333334,/
search,6075.4113333333335,/,/,/
recommendation,/,57.83586956521739,/,/
user,/,/,20.436,31.482344102178814
