,HTTP GET /hotels,HTTP GET /recommendations,HTTP POST /reservation,HTTP POST /user
frontend,7101.148666666667,3358.1653333333334,4278.138,1428.6806666666666
geo,156.58155080213905,/,/,/
profile,40.566,773.7091152815013,/,/
rate,4521.899865591397,/,/,/
reservation,9567.495320855614,/,29539.121395036887,/
search,6104.724764468371,/,/,/
recommendation,/,52.088471849865954,/,/
user,/,/,17.848,21.338
