,HTTP GET /hotels,HTTP GET /recommendations,HTTP POST /reservation,HTTP POST /user
frontend,7826.381333333334,3378.5506666666665,4852.669333333333,1319.6446666666666
geo,102.80666666666667,/,/,/
profile,93.07162346521146,611.441610738255,/,/
rate,20116.355333333333,/,/,/
reservation,8626.271870794078,/,53191.82408026756,/
search,22392.95218855219,/,/,/
recommendation,/,36.52214765100671,/,/
user,/,/,16.15010006671114,11.819333333333333
