,HTTP GET /hotels,HTTP GET /recommendations,HTTP POST /reservation,HTTP POST /user
frontend,4509.004,4617.112,3573.6073333333334,1772.494
geo,223.1302294197031,/,/,/
profile,40.33221250840619,1363.190253671562,/,/
rate,5892.838451268358,/,/,/
reservation,6520.952893674294,/,6764.772483221476,/
search,6208.379839786382,/,/,/
recommendation,/,100.47329773030708,/,/
user,/,/,19.65685618729097,17.12466487935657
