,HTTP GET /hotels,HTTP GET /recommendations,HTTP POST /reservation,HTTP POST /user
frontend,5479.494,4186.056666666666,3931.8,1573.3993333333333
geo,235.50573936529372,/,/,/
profile,55.668463611859835,1336.965170797053,/,/
rate,3834.35628342246,/,/,/
reservation,8409.142087542088,/,8204.548862115127,/
search,5607.833889259507,/,/,/
recommendation,/,78.35097119892833,/,/
user,/,/,19.00402955003358,15.916666666666666
