,HTTP GET /hotels,HTTP GET /recommendations,HTTP POST /reservation,HTTP POST /user
frontend,5193.241333333333,4136.143333333333,3491.0506666666665,1544.4166666666667
geo,170.644,/,/,/
profile,50.20067796610169,1085.494,/,/
rate,6709.451072386059,/,/,/
reservation,9981.752846617548,/,6154.4786096256685,/
search,6785.78038952317,/,/,/
recommendation,/,64.50866666666667,/,/
user,/,/,21.97521768251842,19.384666666666668
