,HTTP GET /hotels,HTTP GET /recommendations,HTTP POST /reservation,HTTP POST /user
frontend,6505.612,3617.3993265993267,4776.945333333333,1757.8526666666667
geo,202.4847870182556,/,/,/
profile,50.7137069547603,980.0720538720539,/,/
rate,6869.279706275033,/,/,/
reservation,8829.360755225893,/,37678.52670226969,/
search,8041.557190635452,/,/,/
recommendation,/,60.96498316498317,/,/
user,/,/,17.65234899328859,23.841610738255035
