,HTTP GET /hotels,HTTP GET /recommendations,HTTP POST /reservation,HTTP POST /user
frontend,5784.548666666667,4221.149333333334,3971.762,2316.808666666667
geo,192.57554945054946,/,/,/
profile,60.48135593220339,805.0314171122994,/,/
rate,3625.7998647734958,/,/,/
reservation,9908.738866396761,/,6619.834782608696,/
search,4958.0994623655915,/,/,/
recommendation,/,46.69451871657754,/,/
user,/,/,24.851551956815115,26.006666666666668
