,HTTP GET /hotels,HTTP GET /recommendations,HTTP POST /reservation,HTTP POST /user
frontend,4486.602666666667,4062.461246200608,4033.7653333333333,1925.3126666666667
geo,204.81640887693342,/,/,/
profile,34.600803750837244,1302.3837386018238,/,/
rate,5665.377333333333,/,/,/
reservation,6491.338892595063,/,6960.325985303941,/
search,6021.206,/,/,/
recommendation,/,85.01215805471125,/,/
user,/,/,21.871333333333332,24.242
