,HTTP GET /hotels,HTTP GET /recommendations,HTTP POST /reservation,HTTP POST /user
frontend,3781.671333333333,2668.789333333333,3116.468,1369.8573333333334
geo,181.7663551401869,/,/,/
profile,67.41789052069426,776.8246666666666,/,/
rate,14327.625500667556,/,/,/
reservation,6210.967957276369,/,21737.320805369127,/
search,15995.366,/,/,/
recommendation,/,46.413333333333334,/,/
user,/,/,22.082666666666668,18.785333333333334
