,HTTP GET /hotels,HTTP GET /recommendations,HTTP POST /reservation,HTTP POST /user
frontend,4083.63,3645.112,3487.016,1573.4753333333333
geo,212.22066666666666,/,/,/
profile,46.74949494949495,1199.3726666666666,/,/
rate,5137.545697131421,/,/,/
reservation,6364.386836803224,/,16279.788911155645,/
search,5689.96380697051,/,/,/
recommendation,/,68.22333333333333,/,/
user,/,/,20.028169014084508,19.21313672922252
