,HTTP GET /hotels,HTTP GET /recommendations,HTTP POST /reservation,HTTP POST /user
frontend,5749.182666666667,2690.8013333333333,5406.508666666667,1104.274
geo,116.79266666666666,/,/,/
profile,71.7848275862069,776.4537533512064,/,/
rate,5427.1265223274695,/,/,/
reservation,9801.11554054054,/,94384.58355978261,/
search,6840.943127962085,/,/,/
recommendation,/,45.042895442359246,/,/
user,/,/,14.788666666666666,16.564
