,HTTP GET /hotels,HTTP GET /recommendations,HTTP POST /reservation,HTTP POST /user
frontend,7120.966,3484.6106666666665,4502.608666666667,1269.4
geo,128.1868720696584,/,/,/
profile,75.40388479571332,1200.3853333333334,/,/
rate,5316.319865319865,/,/,/
reservation,15411.45165652468,/,9734.55614973262,/
search,5358.764983164983,/,/,/
recommendation,/,62.840725806451616,/,/
user,/,/,15.90927284856571,20.509673115410273
