,HTTP GET /hotels,HTTP GET /recommendations,HTTP POST /reservation,HTTP POST /user
frontend,6475.474666666667,3335.7046666666665,4165.810666666666,1452.7
geo,137.16,/,/,/
profile,72.05333333333333,1115.7245989304813,/,/
rate,5864.363941018767,/,/,/
reservation,14261.93270524899,/,8582.372641509433,/
search,6270.016194331984,/,/,/
recommendation,/,75.03810160427807,/,/
user,/,/,24.282,19.401337792642142
