,HTTP GET /hotels,HTTP GET /recommendations,HTTP POST /reservation,HTTP POST /user
frontend,4503.694,3459.4553775743707,3643.5306666666665,1621.1593333333333
geo,175.36718224613315,/,/,/
profile,44.254533243787776,1002.1475535168196,/,/
rate,4613.092369477911,/,/,/
reservation,7178.895372233401,/,8198.03137516689,/
search,5750.290581162325,/,/,/
recommendation,/,96.42125382262996,/,/
user,/,/,18.26386105544422,20.625500667556743
