,HTTP GET /hotels,HTTP GET /recommendations,HTTP POST /reservation,HTTP POST /user
frontend,5114.444666666666,3635.8193333333334,3439.7766666666666,1511.8093333333334
geo,158.77077747989276,/,/,/
profile,54.71954484605087,1077.4926666666668,/,/
rate,4904.473684210527,/,/,/
reservation,8490.24478816409,/,5368.945077026122,/
search,5633.57065948856,/,/,/
recommendation,/,52.70666666666666,/,/
user,/,/,21.61,15.376
