,HTTP GET /hotels,HTTP GET /recommendations,HTTP POST /reservation,HTTP POST /user
frontend,4209.376666666667,2921.518666666667,6278.845333333334,1286.3026666666667
geo,135.6381805651275,/,/,/
profile,79.38144329896907,598.680894308943,/,/
rate,18155.195333333333,/,/,/
reservation,6621.104365620737,/,52426.57239057239,/
search,15685.08695652174,/,/,/
recommendation,/,39.28455284552845,/,/
user,/,/,16.782666666666668,12.203333333333333
