,HTTP GET /hotels,HTTP GET /recommendations,HTTP POST /reservation,HTTP POST /user
frontend,24483.046666666665,2315.8913333333335,19039.978666666666,1054.792
geo,107.80533333333334,/,/,/
profile,145.45150501672242,635.6916387959866,/,/
rate,1720.3031522468143,/,/,/
reservation,72406.57066666667,/,76075.87733333334,/
search,2491.3109017496636,/,/,/
recommendation,/,46.239333333333335,/,/
user,/,/,21.00133422281521,21.784021665538255
