,HTTP GET /hotels,HTTP GET /recommendations,HTTP POST /reservation,HTTP POST /user
frontend,5418.819333333333,4473.348,4037.2406666666666,1649.654
geo,208.142568930733,/,/,/
profile,45.16923076923077,1607.9464166108507,/,/
rate,4314.552807486631,/,/,/
reservation,9626.504342017368,/,8959.78022712091,/
search,6268.450704225352,/,/,/
recommendation,/,83.11855324849297,/,/
user,/,/,26.303212851405622,22.228666666666665
