,HTTP GET /hotels,HTTP GET /recommendations,HTTP POST /reservation,HTTP POST /user
frontend,4973.91,4325.972118959108,4420.848666666667,2037.2828854314002
geo,217.40333333333334,/,/,/
profile,54.63,1035.0836431226767,/,/
rate,4780.630666666667,/,/,/
reservation,5072.207333333334,/,12654.713426853707,/
search,5938.324,/,/,/
recommendation,/,69.04553903345725,/,/
user,/,/,24.962666666666667,13.819660537482319
