{
    "HTTP GET /hotels": {
        "average": [
            101317.71,
            40537.098,
            35634.085333333336,
            21037.105333333333,
            21664.494666666666,
            22190.714,
            22897.678,
            25794.003333333334,
            23314.613333333335,
            23507.096,
            31711.356666666667,
            33076.562666666665,
            19678.098,
            44346.80533333333,
            24309.039333333334,
            28710.750666666667,
            32823.878,
            27650.393333333333,
            58423.58666666667,
            27362.264666666666,
            30221.832,
            21425.74133333333,
            24146.506666666668,
            24130.322666666667,
            29288.366
        ],
        "normal": [
            55740.37111111111,
            25018.53777777778,
            22711.83111111111,
            15883.37925925926,
            15021.244444444445,
            15120.50888888889,
            16612.177037037036,
            17551.825925925925,
            15757.303703703703,
            17136.651851851853,
            21579.084444444445,
            21428.374074074072,
            12622.937777777777,
            26953.282962962963,
            17222.111851851852,
            17820.006666666668,
            20507.577777777777,
            15746.922962962963,
            30224.46888888889,
            19153.298518518517,
            18051.963703703703,
            15320.227407407407,
            17004.545925925926,
            17069.888148148148,
            19918.085925925927
        ],
        "tail": [
            511513.76,
            180204.14,
            151934.37333333332,
            67420.64,
            81453.74666666667,
            85822.56,
            79467.18666666666,
            99973.6,
            91330.4,
            80841.09333333334,
            122901.80666666667,
            137910.26,
            83174.54,
            200888.50666666665,
            88091.38666666667,
            126727.44666666667,
            143670.58,
            134781.62666666668,
            312215.64666666667,
            101242.96,
            139750.64666666667,
            76375.36666666667,
            88424.15333333334,
            87674.23333333334,
            113620.88666666667
        ]
    },
    "HTTP GET /recommendations": {
        "average": [
            2995.7033333333334,
            3492.0273333333334,
            5812.623110151188,
            5430.101301115242,
            5263.002435064935,
            4555.510297482838,
            5448.303951367781,
            6156.521333333333,
            6078.824,
            5594.768,
            5684.615333333333,
            4747.334,
            2845.501333333333,
            3549.2766666666666,
            5070.604,
            5286.146,
            4523.292,
            3507.9166666666665,
            4022.1946666666668,
            4179.558666666667,
            4658.436363636363,
            4912.708,
            5045.388,
            4766.018666666667,
            5283.209896249003
        ],
        "normal": [
            2244.571851851852,
            2703.779259259259,
            4363.124849939976,
            4580.842975206611,
            4382.575812274368,
            3554.284139100933,
            4520.0472972972975,
            4745.671111111111,
            4800.004444444445,
            4580.952592592593,
            4094.325185185185,
            3340.196296296296,
            2145.5333333333333,
            2354.491111111111,
            3556.67037037037,
            3354.5333333333333,
            3358.0585185185187,
            2469.1814814814816,
            2132.67037037037,
            2921.32962962963,
            3761.4738023952095,
            3906.8118518518518,
            4161.436296296296,
            3895.5325925925927,
            3951.2590949423247
        ],
        "tail": [
            9755.886666666667,
            10586.26,
            18795.763440860213,
            13041.972222222223,
            13130.040322580646,
            13498.280303030304,
            13774.484848484848,
            18854.173333333332,
            17588.2,
            14719.106666666667,
            19997.226666666666,
            17411.573333333334,
            9145.213333333333,
            14302.346666666666,
            18696.006666666668,
            22670.66,
            15010.393333333333,
            12856.533333333333,
            21027.913333333334,
            15503.62,
            12701.0,
            13965.773333333333,
            13000.953333333333,
            12600.393333333333,
            17196.76984126984
        ]
    },
    "HTTP POST /reservation": {
        "average": [
            95136.84333333334,
            24730.956,
            23410.179333333333,
            17075.215333333334,
            12170.806666666667,
            11848.858666666667,
            11002.042,
            13005.299333333332,
            10312.872666666666,
            12122.395333333334,
            11728.914666666667,
            14227.104666666666,
            124040.22066666666,
            58197.93466666667,
            10594.084,
            9650.99,
            12680.92,
            98044.03533333333,
            57883.32666666667,
            33657.87266666667,
            42422.76866666666,
            19754.153333333332,
            9079.1,
            8805.276666666667,
            10643.66
        ],
        "normal": [
            61560.61481481481,
            9245.502222222221,
            13657.445185185185,
            10533.60148148148,
            9440.111111111111,
            9173.167407407407,
            9787.005185185186,
            10276.458518518519,
            8817.08962962963,
            9936.388148148148,
            8925.247407407407,
            9661.331851851852,
            21031.18,
            12316.884444444444,
            7321.54,
            7261.248888888889,
            8298.163703703704,
            19533.27037037037,
            13727.165925925927,
            9308.342222222222,
            10334.89851851852,
            8510.46962962963,
            7331.252592592593,
            7204.1807407407405,
            8558.266666666666
        ],
        "tail": [
            397322.9,
            164100.04,
            111184.78666666667,
            75949.74,
            36747.066666666666,
            35930.08,
            21937.373333333333,
            37564.86666666667,
            23774.92,
            31796.46,
            36961.92,
            55319.06,
            1051121.5866666667,
            471127.38666666666,
            40046.98,
            31158.66,
            52125.72666666667,
            804640.92,
            455288.7733333333,
            252803.64666666667,
            331213.6,
            120947.30666666667,
            24809.726666666666,
            23215.14,
            29412.2
        ]
    },
    "HTTP POST /user": {
        "average": [
            1076.242,
            1388.6426666666666,
            1787.9813432835822,
            2051.1025459688826,
            1838.3673333333334,
            1641.7573333333332,
            1949.5546666666667,
            1671.8826666666666,
            1789.5273333333334,
            1589.316,
            1379.5746666666666,
            1289.896,
            884.2366666666667,
            1298.506,
            2342.8153333333335,
            1563.8013333333333,
            1472.0366666666666,
            1120.838,
            1331.464,
            1450.0186666666666,
            1781.5353333333333,
            1592.586,
            1517.42,
            1527.1853333333333,
            1679.7773333333334
        ],