,HTTP GET /hotels,HTTP GET /recommendations,HTTP POST /reservation,HTTP POST /user
frontend,36416.07150340492,2959.0505,27853.858775510205,1113.78675
geo,169.70327653997379,/,/,/
profile,332.38616714697406,764.2813906953477,/,/
rate,8643.085736759307,/,/,/
reservation,108481.52483574244,/,62614.26856435643,/
search,5303.444036697248,/,/,/
recommendation,/,47.81,/,/
user,/,/,19.90244897959184,18.714
