,HTTP GET /hotels,HTTP GET /recommendations,HTTP POST /reservation,HTTP POST /user
frontend,5947.98,1666.94275,9062.73825,804.50025
geo,111.3832874655992,/,/,/
profile,155.57132132132134,556.7974905897114,/,/
rate,147129.03375,/,/,/
reservation,14031.526631657915,/,20207.229722921915,/
search,138671.68641727342,/,/,/
recommendation,/,33.2695,/,/
user,/,/,15.842092029167715,13.858
