{
    "HTTP GET /hotels": {
        "average": [
            157064.0675746464,
            304722.6345,
            268328.4235,
            46805.67825,
            232908.7815,
            223701.76425,
            83593.54625,
            211745.2965,
            263253.29325,
            72900.09775,
            206623.6815,
            223439.37725,
            342074.5485,
            52550.01975,
            82025.7165
        ],
        "normal": [
            69382.14057043074,
            239689.54333333333,
            183956.81027777778,
            28481.69861111111,
            172371.12055555556,
            139862.0475,
            47162.807222222225,
            155127.00666666665,
            168816.85361111112,
            44478.28833333333,
            151465.2825,
            158109.6913888889,
            205676.9077777778,
            34685.82722222222,
            50512.3925
        ],
        "tail": [
            945742.3429319372,
            890020.455,
            1027672.9425,
            211721.495,
            777747.73,
            978259.215,
            411470.1975,
            721309.905,
            1113181.25,
            328696.3825,
            703049.2725,
            811406.55,
            1569653.315,
            213327.7525,
            365645.6325
        ]
    },
    "HTTP GET /recommendations": {
        "average": [
            3770.75975,
            2254.92175,
            8223.9865,
            6292.36275,
            2738.79475,
            27492.725,
            13264.74975,
            9719.53075,
            38740.965,
            14282.20875,
            9934.75925,
            12985.10775,
            33114.22825,
            12612.59575,
            13712.196
        ],
        "normal": [
            2544.758611111111,
            1565.0836111111112,
            3697.818888888889,
            4073.4591666666665,
            1877.868611111111,
            16504.801111111112,
            6223.339722222222,
            4099.05,
            26883.431666666667,
            6416.023888888889,
            3941.701666666667,
            5476.723055555555,
            21068.8875,
            5497.383611111111,
            5627.9725
        ],
        "tail": [
            14804.77,
            8463.465,
            48959.495,
            26262.495,
            10487.13,
            126384.04,
            76637.44,
            60303.8575,
            145458.765,
            85077.8725,
            63872.2775,
            80560.57,
            141522.295,
            76649.505,
            86470.2075
        ]
    },
    "HTTP POST /reservation": {
        "average": [
            89823.5518367347,
            29134.16475,
            38836.10775,
            51499.72425,
            13503.21,
            35803.96825,
            36039.72725,
            26755.65675,
            63206.83025,
            42162.7,
            25663.79175,
            28616.0175,
            90412.524,
            28723.45025,
            26260.66725
        ],
        "normal": [
            50379.15464852608,
            7591.803055555555,
            12005.960277777778,
            23029.007777777777,
            6980.315,
            10936.324166666667,
            21052.936944444446,
            15155.991944444444,
            24216.751666666667,
            21873.657222222224,
            14585.937222222223,
            14375.511944444444,
            41621.033055555556,
            15411.857777777777,
            13819.4675
        ],
        "tail": [
            444823.12653061224,
            223015.42,
            280307.435,
            307736.1725,
            72209.265,
            259612.765,
            170920.84,
            131152.64,
            414117.5375,
            224764.085,
            125364.4825,
            156780.5675,
            529535.9425,
            148527.7825,
            138231.465
        ]
    },
    "HTTP POST /user": {
        "average": [
            1132.50075,
            818.35825,
            2735.649,
            2083.27025,
            1102.87125,
            9202.76725,
            6112.458,
            4387.45725,
            12393.32525,
            4444.738,
            3685.61925,
            5658.1825,
            14097.90075,
            5173.58175,
            5929.472
        ],
        "normal": [
            621.4469444444444,
            499.4302777777778,
            1418.3938888888888,
            1225.7719444444444,
            630.3030555555556,
            2448.7463888888888,
            1636.941111111111,
            927.17,
            3666.6158333333333,
            1264.7127777777778,
            911.4852777777778,
            1768.7033333333334,
            4918.381388888889,
            1460.0044444444445,
            1447.6802777777777
        ],
        "tail": [
            5731.985,
            3688.71,
            14590.945,
            9800.755,
            5355.985,
            69988.955,
            46392.11,
            35530.0425,
            90933.71,
            33064.965,
            28652.825,
            40663.495,
            96713.575,
            38595.7775,
            46265.5975
        ]
    }
}