{
    "HTTP GET /hotels": {
        "average": [
            271225.7328,
            286854.7583
        ],
        "normal": [
            151966.731,
            195183.3637777778
        ],
        "tail": [
            1344556.749,
            1111897.309
        ]
    },
    "HTTP GET /recommendations": {
        "average": [
            7602.4963,
            5827.1596
        ],
        "normal": [
            2277.0235555555555,
            1976.9495555555557
        ],
        "tail": [
            55531.751,
            40479.05
        ]
    },
    "HTTP POST /reservation": {
        "average": [
            85414.9131,
            42593.9159
        ],
        "normal": [
            53789.77188888889,
            19194.98811111111
        ],
        "tail": [
            370041.184,
            253184.266
        ]
    },
    "HTTP POST /user": {
        "average": [
            3238.5654,
            2263.977
        ],
        "normal": [
            627.1417777777777,
            597.8532222222223
        ],
        "tail": [
            26741.378,
            17259.091
        ]
    }
}