,HTTP GET /hotels,HTTP GET /recommendations,HTTP POST /reservation,HTTP POST /user
frontend,179483.07391304348,14367.727333333334,127246.57751937985,6018.477333333333
geo,131.89565217391305,/,/,/
profile,27.839130434782607,582.2985274431057,/,/
rate,3247.0782608695654,/,/,/
search,7592.560869565217,/,/,/
reservation,272073.7699115044,/,66608.49609375,/
recommendation,/,56.24029451137885,/,/
user,/,/,12.445736434108527,12.863333333333333
