,HTTP GET /hotels,HTTP GET /recommendations,HTTP POST /reservation,HTTP POST /user
frontend,53631.47466666667,1568.6866666666667,46977.45,786.0546666666667
geo,98.21133333333333,/,/,/
profile,16.990666666666666,421.1610962566845,/,/
rate,1879.2806666666668,/,/,/
reservation,139641.6109238031,/,27805.42226890756,/
search,3819.985303941216,/,/,/
recommendation,/,35.24064171122995,/,/
user,/,/,12.772222222222222,12.855662983425415
