,HTTP GET /hotels,HTTP GET /recommendations,HTTP POST /reservation,HTTP POST /user
frontend,61376.674,5155.668,58925.972,4698.08
geo,110.43466666666667,/,/,/
profile,37.96933333333333,451.81533333333334,/,/
rate,2522.164,/,/,/
reservation,143388.056,/,40692.31087391594,/
search,5062.931333333333,/,/,/
recommendation,/,36.33733333333333,/,/
user,/,/,13.269333333333334,14.625333333333334
