,HTTP GET /hotels,HTTP GET /recommendations,HTTP POST /reservation,HTTP POST /user
frontend,18224.936,11698.526777020448,15758.453333333333,5441.5716374269
geo,270.65133333333335,/,/,/
profile,31.83,823.1071080817916,/,/
rate,6835.258,/,/,/
reservation,28081.190732034924,/,4040.9812458137976,/
search,7982.413816230717,/,/,/
recommendation,/,67.01363193768258,/,/
user,/,/,21.048,25.616959064327485
