,HTTP GET /hotels,HTTP GET /recommendations,HTTP POST /reservation,HTTP POST /user
frontend,37241.897333333334,5582.421333333334,33809.03666666667,786.706
geo,106.8645336963921,/,/,/
profile,20.89183673469388,440.10752688172045,/,/
rate,2824.0405405405404,/,/,/
reservation,88780.77011494253,/,95851.4594972067,/
search,3712.1975806451615,/,/,/
recommendation,/,37.038306451612904,/,/
user,/,/,16.28541810642709,13.573095401509953
