,HTTP GET /hotels,HTTP GET /recommendations,HTTP POST /reservation,HTTP POST /user
frontend,55152.40266666667,5100.91329068941,50788.257333333335,3045.7586666666666
geo,106.23,/,/,/
profile,23.689333333333334,432.60806916426515,/,/
rate,1921.868,/,/,/
reservation,146463.14419852447,/,33601.50841750842,/
search,2759.8373333333334,/,/,/
recommendation,/,34.89625360230548,/,/
user,/,/,15.545333333333334,11.514666666666667
