,HTTP GET /hotels,HTTP GET /recommendations,HTTP POST /reservation,HTTP POST /user
frontend,26347.082666666665,5485.1880570409985,17861.588,1628.8001341381623
geo,164.26987307949233,/,/,/
profile,19.07702612190221,686.8816143497758,/,/
rate,5009.598525469169,/,/,/
reservation,76131.73866666667,/,5028.332666666666,/
search,4475.260666666667,/,/,/
recommendation,/,35.945291479820625,/,/
user,/,/,13.930592991913747,10.810901749663527
