,HTTP GET /hotels,HTTP GET /recommendations,HTTP POST /reservation,HTTP POST /user
frontend,19982.340666666667,4904.899047619047,14666.988666666666,2034.426
geo,125.99266666666666,/,/,/
profile,20.174666666666667,668.6914285714286,/,/
rate,9084.596666666666,/,/,/
reservation,51461.36241610738,/,5509.929245283019,/
search,5839.189333333334,/,/,/
recommendation,/,41.97714285714286,/,/
user,/,/,12.448509485094851,13.924
