,HTTP GET /hotels,HTTP GET /recommendations,HTTP POST /reservation,HTTP POST /user
frontend,19519.64,8003.875346260388,16287.88,2983.7964788732393
geo,174.70266666666666,/,/,/
profile,17.056375838926176,639.4289693593315,/,/
rate,3888.072096128171,/,/,/
reservation,48770.06711409396,/,2872.6873333333333,/
search,3397.953020134228,/,/,/
recommendation,/,51.80594243268338,/,/
user,/,/,14.741137123745819,12.288732394366198
