,HTTP GET /hotels,HTTP GET /recommendations,HTTP POST /reservation,HTTP POST /user
frontend,12004.180666666667,7777.880666666667,7811.406666666667,3051.3633333333332
geo,222.18636056718432,/,/,/
profile,25.832323232323233,646.1833333333333,/,/
rate,3901.310067114094,/,/,/
reservation,16254.957774798928,/,2478.0286666666666,/
search,4381.010688042752,/,/,/
recommendation,/,52.42066666666667,/,/
user,/,/,20.39918533604888,17.81805838424983
