,HTTP GET /hotels,HTTP GET /recommendations,HTTP POST /reservation,HTTP POST /user
frontend,45119.648,1545.146,42763.47666666667,709.5326666666666
geo,94.54466666666667,/,/,/
profile,22.13206262763785,410.65371734762226,/,/
rate,1250.5637091394262,/,/,/
reservation,112392.5598923284,/,35883.09171195652,/
search,1674.012743125419,/,/,/
recommendation,/,34.827193569993305,/,/
user,/,/,13.331484049930651,13.966415352981494
