,HTTP GET /hotels,HTTP GET /recommendations,HTTP POST /reservation,HTTP POST /user
frontend,58461.80733333333,1815.9766666666667,48499.542,986.9026666666666
geo,120.26379542395694,/,/,/
profile,46.7093728927849,448.5799331103679,/,/
rate,2348.546738399462,/,/,/
reservation,140977.77598926894,/,45116.658193979936,/
search,3167.5538461538463,/,/,/
recommendation,/,34.45217391304348,/,/
user,/,/,12.224254742547425,13.369946091644206
