,HTTP GET /hotels,HTTP GET /recommendations,HTTP POST /reservation,HTTP POST /user
frontend,80624.596,15890.437333333333,61426.221333333335,3772.9166666666665
geo,99.102,/,/,/
profile,63.45392022008253,505.62382234185736,/,/
rate,1227.6366666666668,/,/,/
reservation,141459.41547861506,/,27811.54731638418,/
search,1809.018132975151,/,/,/
recommendation,/,45.50336021505376,/,/
user,/,/,11.607333333333333,12.956902356902356
