,HTTP GET /hotels,HTTP GET /recommendations,HTTP POST /reservation,HTTP POST /user
frontend,15143.132666666666,9191.056666666667,11142.464,4363.392
geo,224.33866666666665,/,/,/
profile,28.585333333333335,593.4953333333333,/,/
rate,3490.2476635514017,/,/,/
reservation,17308.178,/,2207.2294636795655,/
search,4154.350736278447,/,/,/
recommendation,/,46.11729222520107,/,/
user,/,/,22.778666666666666,25.083333333333332
