,HTTP GET /hotels,HTTP GET /recommendations,HTTP POST /reservation,HTTP POST /user
frontend,161950.0,10075.079777365492,98525.29166666667,4823.627333333333
geo,210.375,/,/,/
profile,17.9375,639.8469387755102,/,/
rate,1913.0416666666667,/,/,/
reservation,290858.0416666667,/,16486.978723404256,/
search,2900.3333333333335,/,/,/
recommendation,/,53.46103896103896,/,/
user,/,/,10.125,16.085333333333335
