,HTTP GET /hotels,HTTP GET /recommendations,HTTP POST /reservation,HTTP POST /user
frontend,31586.539333333334,1600.4953333333333,36239.49533333333,670.626
geo,94.95530353569046,/,/,/
profile,24.368,355.77067921990584,/,/
rate,1256.371293800539,/,/,/
reservation,73522.80472972973,/,21938.999290780142,/
search,1734.7811860940694,/,/,/
recommendation,/,32.87693342299933,/,/
user,/,/,11.61080711354309,12.28688524590164
