,HTTP GET /hotels,HTTP GET /recommendations,HTTP POST /reservation,HTTP POST /user
frontend,14543.996666666666,13604.600317208564,15348.588,4554.102
geo,208.60569105691056,/,/,/
profile,30.239702903443618,662.2045995241872,/,/
rate,4270.602027027027,/,/,/
reservation,15412.311871227364,/,2183.731333333333,/
search,4368.077026121902,/,/,/
recommendation,/,57.80174464710547,/,/
user,/,/,17.176,15.416666666666666
