,HTTP GET /hotels,HTTP GET /recommendations,HTTP POST /reservation,HTTP POST /user
frontend,17364.871333333333,13952.946020128087,16390.183333333334,5377.088154269973
geo,220.23466666666667,/,/,/
profile,32.21333333333333,758.5560661764706,/,/
rate,5839.941333333333,/,/,/
reservation,18878.908666666666,/,5113.703853955375,/
search,4983.988,/,/,/
recommendation,/,70.96323529411765,/,/
user,/,/,27.05,19.322314049586776
