,HTTP GET /hotels,HTTP GET /recommendations,HTTP POST /reservation,HTTP POST /user
frontend,9503.319333333333,5203.547101449275,5968.674666666667,2856.822
geo,173.11577522004063,/,/,/
profile,25.24779959377116,521.9079710144928,/,/
rate,3293.3406666666665,/,/,/
reservation,13808.690958164643,/,1380.186452045607,/
search,3633.8264963012775,/,/,/
recommendation,/,47.28695652173913,/,/
user,/,/,18.588666666666665,14.686
