,HTTP GET /hotels,HTTP GET /recommendations,HTTP POST /reservation,HTTP POST /user
frontend,28954.212666666666,3276.7573333333335,27399.036,2443.882
geo,126.26002673796792,/,/,/
profile,22.229333333333333,447.292,/,/
rate,2427.4013513513514,/,/,/
reservation,84500.84466666667,/,14104.29106029106,/
search,2797.3443396226417,/,/,/
recommendation,/,34.87533333333333,/,/
user,/,/,15.04417670682731,12.225352112676056
