,HTTP GET /hotels,HTTP GET /recommendations,HTTP POST /reservation,HTTP POST /user
frontend,34303.967333333334,5779.9667519181585,40640.352,2100.260144927536
geo,175.71866666666668,/,/,/
profile,18.39124579124579,599.348615916955,/,/
rate,3493.3566666666666,/,/,/
reservation,79464.6336235767,/,14804.672764227642,/
search,4013.2915276851236,/,/,/
recommendation,/,48.51038062283737,/,/
user,/,/,13.769333333333334,12.126811594202898
