,HTTP GET /hotels,HTTP GET /recommendations,HTTP POST /reservation,HTTP POST /user
frontend,15366.321333333333,11347.801200300075,12215.936666666666,3905.5266666666666
geo,205.57933333333332,/,/,/
profile,30.434666666666665,652.1807951987997,/,/
rate,5238.14705882353,/,/,/
reservation,14916.256583389602,/,1793.65,/
search,4712.359784801614,/,/,/
recommendation,/,53.26856714178545,/,/
user,/,/,22.417333333333332,17.406666666666666
