,HTTP GET /hotels,HTTP GET /recommendations,HTTP POST /reservation,HTTP POST /user
frontend,31391.452,8383.756,23081.448666666667,3584.4106666666667
geo,161.38866666666667,/,/,/
profile,52.72604588394062,545.1364548494984,/,/
rate,5848.8313333333335,/,/,/
reservation,53321.728246318606,/,11617.91487935657,/
search,6994.120481927711,/,/,/
recommendation,/,36.603344481605355,/,/
user,/,/,15.268970189701896,11.776359973136334
