,HTTP GET /hotels,HTTP GET /recommendations,HTTP POST /reservation,HTTP POST /user
frontend,38065.99733333333,4385.0633333333335,22925.643333333333,1503.7266666666667
geo,111.69266666666667,/,/,/
profile,22.78060522696011,446.07459677419354,/,/
rate,2068.4326666666666,/,/,/
reservation,110106.61246612466,/,9973.960436562074,/
search,2185.5170797052915,/,/,/
recommendation,/,35.22715053763441,/,/
user,/,/,11.374241402562374,13.151226158038147
