,HTTP GET /hotels,HTTP GET /recommendations,HTTP POST /reservation,HTTP POST /user
frontend,93207.76533333333,12815.223333333333,70508.74545454545,3073.3753333333334
geo,104.0569105691057,/,/,/
profile,37.63154316791299,482.7311320754717,/,/
rate,1115.6677874915938,/,/,/
reservation,172969.30087897228,/,31943.044839857652,/
search,1912.3295378432686,/,/,/
recommendation,/,41.92727272727273,/,/
user,/,/,12.859636363636364,11.986666666666666
