{
    "HTTP GET /hotels": {
        "average": [
            204166.31866666666,
            97513.71533333333,
            61157.21466666667,
            47320.157333333336,
            38660.312666666665,
            30237.142666666667,
            40211.976,
            40326.405333333336,
            36664.76066666667,
            265953.10466666665,
            222289.30733333333,
            212179.57333333333,
            456571.5695652174,
            150780.86266666665,
            118762.65066666667,
            107085.47133333333,
            159121.40933333334,
            197413.70866666667,
            131370.80266666666,
            205231.41333333333,
            120899.20533333333,
            449515.7083333333,
            75390.39133333333,
            112115.27466666666,
            86170.58066666666
        ],
        "normal": [
            123828.01925925926,
            54493.48740740741,
            34442.514074074075,
            31212.64222222222,
            24584.402962962962,
            17811.28888888889,
            26061.980740740742,
            24631.71185185185,
            23551.755555555555,
            161971.7074074074,
            143025.50518518517,
            123578.86296296296,
            325446.02898550726,
            87369.34148148148,
            61791.30962962963,
            53418.59925925926,
            92142.5437037037,
            110851.98592592592,
            74828.04518518518,
            122879.24296296296,
            53694.37703703704,
            259850.55813953487,
            40064.52888888889,
            62922.79185185185,
            48525.48370370371
        ],
        "tail": [
            927211.0133333333,
            484695.76666666666,
            301589.52,
            192287.79333333333,
            165343.5,
            142069.82666666666,
            167561.93333333332,
            181578.64666666667,
            154681.80666666667,
            1201785.68,
            935663.5266666666,
            1009585.9666666667,
            1636701.4347826086,
            721484.5533333333,
            631504.72,
            590087.32,
            761931.2,
            976469.2133333334,
            640255.62,
            946400.9466666667,
            725742.66,
            2080636.0,
            393323.1533333333,
            554847.62,
            424976.4533333333
        ]
    },
    "HTTP GET /recommendations": {
        "average": [
            2297.3986666666665,
            8963.556666666667,
            12588.647517039923,
            14778.670631290028,
            14324.606661379858,
            5772.742028985507,
            12053.25056264066,
            9830.423333333334,
            8476.484666666667,
            13334.313333333334,
            16436.481333333333,
            5643.8206666666665,
            15003.712,
            4862.5053333333335,
            3758.9166666666665,
            1985.7746666666667,
            1988.548,
            2023.8713333333333,
            6055.75,
            5562.104477611941,
            6418.436487638533,
            10768.387755102041,
            8691.280701754386,
            6203.505347593583,
            5615.567619047619
        ],
        "normal": [
            1753.6133333333332,
            3537.8155555555554,
            6762.199134199134,
            8336.306205493387,
            6812.584656084656,
            3414.0040257648952,
            5767.21434528774,
            4525.641481481482,
            4700.246666666667,
            4982.166666666667,
            6515.794074074074,
            2561.494074074074,
            6283.8303703703705,
            2124.4362962962964,
            2134.5422222222223,
            1360.0274074074075,
            1522.5474074074075,
            1610.997037037037,
            1917.9962962962964,
            2036.6279620853081,
            3215.1497630331755,
            4864.862886597938,
            3544.094455852156,
            3775.0485629335976,
            3390.574603174603
        ],
        "tail": [
            7191.466666666666,
            57795.22666666667,
            64856.98058252427,
            72349.98181818181,
            81400.45669291339,
            27001.384057971016,
            68299.20149253731,
            57573.46,
            42462.62666666666,
            88503.63333333333,
            105722.66666666667,
            33384.76,
            93482.64666666667,
            29505.126666666667,
            18378.286666666667,
            7617.5,
            6182.553333333333,
            5739.74,
            43295.53333333333,
            37216.382978723406,
            35057.99152542373,
            63790.78703703704,
            54685.40366972477,
            27887.690265486726,
            25640.504761904762
        ]
    },
    "HTTP POST /reservation": {
        "average": [
            93477.84,
            34652.426,
            19801.624666666667,
            21459.345333333335,
            17549.495333333332,
            7359.1686666666665,
            14032.004,
            13332.742,
            10309.467333333334,
            101905.71048951049,
            87691.90866666667,
            99604.424,
            193351.17441860464,
            32684.756,
            40982.306,
            56873.471333333335,
            77989.542,
            73460.422,
            125330.90266666666,
            84069.296,
            55221.89866666667,
            114678.91666666667,
            19175.25933333333,
            22903.702666666668,
            20130.394666666667
        ],
        "normal": [
            64885.71925925926,
            20263.885925925926,
            11170.626666666667,
            12071.645185185185,
            10190.026666666667,
            4219.2,
            7552.682222222223,
            6121.011851851852,
            5604.053333333333,
            67777.58585858585,
            63353.38814814815,
            64599.014074074075,
            145571.5905172414,
            20207.585925925927,
            25294.262962962963,
            40572.55777777778,
            48744.357777777775,
            51084.47037037037,
            41594.76148148148,
            57839.171111111114,
            32801.47851851852,
            80761.81395348837,
            10211.33111111111,
            13427.888148148148,
            11643.253333333334
        ],
        "tail": [
            350806.9266666667,
            164149.28666666665,
            97480.60666666667,
            105948.64666666667,
            83784.71333333333,
            35618.886666666665,
            72345.9,
            78238.31333333334,
            52658.193333333336,
            409058.8321678322,
            306738.5933333333,
            414653.11333333334,
            619692.0769230769,
            144979.28666666665,
            182174.69333333333,
            203581.69333333333,
            341196.2,
            274843.9866666667,
            878956.1733333333,
            320140.42,
            257005.68,
            406366.0,
            99850.61333333333,
            108186.03333333334,
            96514.66666666667
        ]
    },
    "HTTP POST /user": {
        "average": [
            1000.13,
            3596.1006666666667,
            5467.188596491228,
            5396.410468319559,
            4569.518666666667,
            2871.508,
            3922.9333333333334,
            4388.475333333334,
            3068.8606666666665,
            3085.362,
            3785.744,
            4712.705333333333,
            6031.340666666667,
            1516.5973333333334,
            2456.034,
            682.618,
            723.1173333333334,
            798.4646666666666,
            799.89,
            3057.2733333333335,
            2112.386956521739,
            4839.712666666666,
            2996.0852112676057,
            1639.5747820254862,
            2048.35
        ],