,HTTP GET /hotels,HTTP GET /recommendations,HTTP POST /reservation,HTTP POST /user
frontend,37070.8646,8907.3982,26285.8942,3812.4862
geo,101.34553455345535,/,/,/
profile,31.6147,532.7451436665318,/,/
rate,39066.401280256054,/,/,/
reservation,121499.99839179817,/,15712.917809600645,/
search,38193.49164080489,/,/,/
recommendation,/,38.56713103169796,/,/
user,/,/,19.417525257577275,21.232850533091934
