,HTTP GET /hotels,HTTP GET /recommendations,HTTP POST /reservation,HTTP POST /user
frontend,37077.5675,6986.0425,29284.5941,4321.0246
geo,103.14039655517725,/,/,/
profile,34.71783069841905,748.5825642054575,/,/
rate,8047.08550521251,/,/,/
reservation,131992.57605633803,/,18743.81808092019,/
search,6764.693246623312,/,/,/
recommendation,/,38.389145728643214,/,/
user,/,/,18.42509513318646,20.8486432160804
