,HTTP GET /hotels,HTTP GET /recommendations,HTTP POST /reservation,HTTP POST /user
frontend,26903.71525,13554.76125,19717.054,4433.1065
geo,159.5433366733467,/,/,/
profile,18.866633241413886,690.7843530591775,/,/
rate,5541.53391959799,/,/,/
reservation,36081.12782521346,/,22432.09075,/
search,4481.864606882693,/,/,/
recommendation,/,38.7355,/,/
user,/,/,13.616524359618282,11.666499498495487
