,HTTP GET /hotels,HTTP GET /recommendations,HTTP POST /reservation,HTTP POST /user
frontend,24784.89625,12543.682,18421.95425,6099.39925
geo,148.73432384789726,/,/,/
profile,19.53210778141526,687.07951987997,/,/
rate,3735.5578419071517,/,/,/
reservation,51453.54998740871,/,17604.93,/
search,3873.2403120281833,/,/,/
recommendation,/,34.39214699219733,/,/
user,/,/,12.843,13.107904642409034
