,HTTP GET /hotels,HTTP GET /recommendations,HTTP POST /reservation,HTTP POST /user
frontend,36057.0185,5244.8475,25679.6647,2245.3145
geo,96.6695,/,/,/
profile,22.5359,547.4839814628249,/,/
rate,63315.7354,/,/,/
reservation,118052.94201587781,/,17036.649223633798,/
search,70755.68126252505,/,/,/
recommendation,/,39.11812053526512,/,/
user,/,/,17.32155370907999,18.763824653126886
