,HTTP GET /hotels,HTTP GET /recommendations,HTTP POST /reservation,HTTP POST /user
frontend,29633.16790371113,1573.4178,19751.8682,788.1396
geo,93.58651820643996,/,/,/
profile,139.6867034621174,476.37454981992795,/,/
rate,95586.46156933575,/,/,/
reservation,120384.68022496736,/,38198.22128683103,/
search,100006.62838787392,/,/,/
recommendation,/,33.34865324922399,/,/
user,/,/,18.232898696088263,17.83621209078128
