,HTTP GET /hotels,HTTP GET /recommendations,HTTP POST /reservation,HTTP POST /user
frontend,52985.07787839586,1428.1866941722537,48888.9088877855,683.6787077079623
geo,97.62868979803211,/,/,/
profile,241.17668393782384,407.5381640020629,/,/
rate,4390.184217335058,/,/,/
reservation,223459.23501945526,/,91739.83504123968,/
search,2819.5563325563326,/,/,/
recommendation,/,32.996132026817946,/,/
user,/,/,20.493038289408254,20.94959266802444
