,HTTP GET /hotels,HTTP GET /recommendations,HTTP POST /reservation,HTTP POST /user
frontend,7768.06575,3085.50125,4043.088,1716.66925
geo,151.1865955826352,/,/,/
profile,172.81038374717832,1087.9046902432906,/,/
rate,29987.352298704598,/,/,/
reservation,8028.589569160998,/,11524.875250501002,/
search,58005.20698380567,/,/,/
recommendation,/,44.59975,/,/
user,/,/,26.200300450676014,24.274440814274943
