,HTTP GET /hotels,HTTP GET /recommendations,HTTP POST /reservation,HTTP POST /user
frontend,8438.0285,4494.00225,5943.6545,2339.38925
geo,143.9679373895481,/,/,/
profile,154.96025,1220.140105078809,/,/
rate,25487.38786346397,/,/,/
reservation,8026.5855246681695,/,23770.253135975916,/
search,51064.42,/,/,/
recommendation,/,55.466970387243734,/,/
user,/,/,22.785982478097623,19.60994698308508
