,HTTP GET /hotels,HTTP GET /recommendations,HTTP POST /reservation,HTTP POST /user
frontend,27698.63175,9619.7135,21719.63825,3715.73725
geo,114.55103079664036,/,/,/
profile,47.95118898623279,1147.5257027095467,/,/
rate,1627.5174772036473,/,/,/
reservation,20391.019322459222,/,20978.82455242967,/
search,2907.473047858942,/,/,/
recommendation,/,67.40192844455721,/,/
user,/,/,19.24867021276596,17.47130615424565
