,HTTP GET /hotels,HTTP GET /recommendations,HTTP POST /reservation,HTTP POST /user
frontend,9578.8955,4949.26475,7460.7225,2392.362
geo,137.045,/,/,/
profile,119.36276729559748,1114.5358575727182,/,/
rate,28902.73375,/,/,/
reservation,9076.005556958828,/,15045.544642857143,/
search,56361.834208552136,/,/,/
recommendation,/,45.291487749431674,/,/
user,/,/,19.683686494766402,24.24401913875598
