,HTTP GET /hotels,HTTP GET /recommendations,HTTP POST /reservation,HTTP POST /user
frontend,27128.2935,5507.0665,22121.05275,2278.631
geo,106.7145003756574,/,/,/
profile,30.857251521298174,817.6455823293172,/,/
rate,3343.755700325733,/,/,/
reservation,44525.02332657201,/,28080.12158054711,/
search,3905.934602856427,/,/,/
recommendation,/,54.99774549098196,/,/
user,/,/,17.02071230108613,16.781012658227848
