,HTTP GET /hotels,HTTP GET /recommendations,HTTP POST /reservation,HTTP POST /user
frontend,41978.04575,12277.80813771518,14735.5825,5830.564
geo,245.7813360020015,/,/,/
profile,2519.613016270338,3866.3547276142767,/,/
rate,118141.13351703408,/,/,/
reservation,49553.846425865115,/,49205.069,/
search,175291.7058676028,/,/,/
recommendation,/,68.27104851330203,/,/
user,/,/,30.055124029065396,26.07769423558897
