,HTTP GET /hotels,HTTP GET /recommendations,HTTP POST /reservation,HTTP POST /user
frontend,24768.926,2703.07175,23771.9015,957.26525
geo,118.9495,/,/,/
profile,94.39763878422507,749.4842342342342,/,/
rate,1591.874498997996,/,/,/
reservation,65446.49187296824,/,107542.26995718962,/
search,2352.6446675031366,/,/,/
recommendation,/,44.68841309823678,/,/
user,/,/,17.864682341170585,17.49785407725322
