,HTTP GET /hotels,HTTP GET /recommendations,HTTP POST /reservation,HTTP POST /user
frontend,92160.64670658682,8280.195388349515,83299.19836785938,4088.326124567474
geo,198.57929155313352,/,/,/
profile,1744.279210093253,2772.544349939247,/,/
rate,4592.017993456925,/,/,/
reservation,243308.88579234973,/,287917.7005649718,/
search,8279.68726079825,/,/,/
recommendation,/,66.24757281553399,/,/
user,/,/,42.97426239799121,29.630622837370243
