,HTTP GET /hotels,HTTP GET /recommendations,HTTP POST /reservation,HTTP POST /user
frontend,34284.88,2762.4535,29369.77375,881.2405
geo,106.18175,/,/,/
profile,40.943,850.4767034068136,/,/
rate,1523.656914228557,/,/,/
reservation,90875.77602602603,/,57034.61592388583,/
search,2254.3695923980995,/,/,/
recommendation,/,50.28771578684013,/,/
user,/,/,17.06981981981982,16.371492985971944
