,HTTP GET /hotels,HTTP GET /recommendations,HTTP POST /reservation,HTTP POST /user
frontend,13007.566,4072.10475,4661.2195,1509.18775
geo,97.76779404341242,/,/,/
profile,51.24235588972431,749.5316804407713,/,/
rate,48197.28021281986,/,/,/
reservation,10304.822491174988,/,6185.679068590231,/
search,69220.4487853744,/,/,/
recommendation,/,47.39660845355606,/,/
user,/,/,14.567732115677321,15.197924576056694
