,HTTP GET /hotels,HTTP GET /recommendations,HTTP POST /reservation,HTTP POST /user
frontend,6498.36625,2950.2385,3664.14575,1709.98225
geo,176.12475,/,/,/
profile,173.41618497109826,1124.5982970197847,/,/
rate,40563.6145,/,/,/
reservation,9302.302885821831,/,17189.157221664995,/
search,62902.46825,/,/,/
recommendation,/,40.33825,/,/
user,/,/,27.400100150225338,21.781672508763144
