,HTTP GET /hotels,HTTP GET /recommendations,HTTP POST /reservation,HTTP POST /user
frontend,10023.805,4607.0565,7385.7475,2121.3675
geo,117.78925935352507,/,/,/
profile,32.75181932245922,1037.516290726817,/,/
rate,24847.47958141909,/,/,/
reservation,9847.719586067642,/,8155.463246554365,/
search,56623.30075,/,/,/
recommendation,/,55.103439554881135,/,/
user,/,/,18.10921153355448,17.060667340748232
