,HTTP GET /hotels,HTTP GET /recommendations,HTTP POST /reservation,HTTP POST /user
frontend,11645.759,3557.71725,5318.28025,1721.87275
geo,141.66331910620136,/,/,/
profile,237.29575,1085.2238131122833,/,/
rate,38679.32805827681,/,/,/
reservation,9917.925898015574,/,15230.221454173066,/
search,66373.5621376355,/,/,/
recommendation,/,45.14603335017686,/,/
user,/,/,23.981246832235176,17.959575543203638
