,HTTP GET /hotels,HTTP GET /recommendations,HTTP POST /reservation,HTTP POST /user
frontend,24495.812,2979.49825,20724.40075,1180.285
geo,100.82659547419273,/,/,/
profile,37.9728779507785,771.2952834922228,/,/
rate,1232.8669191919191,/,/,/
reservation,37396.59481891348,/,50750.861712846345,/
search,2646.400303643725,/,/,/
recommendation,/,51.933165195460276,/,/
user,/,/,15.02984693877551,17.762902401635156
