,HTTP GET /hotels,HTTP GET /recommendations,HTTP POST /reservation,HTTP POST /user
frontend,30008.07025,3464.37675,28168.22025,1138.4395
geo,95.3391959798995,/,/,/
profile,50.10794297352342,696.4675259034623,/,/
rate,1614.7549535991973,/,/,/
reservation,72282.67593528816,/,41804.14047680082,/
search,2353.2331132554596,/,/,/
recommendation,/,55.355633802816904,/,/
user,/,/,14.214905564063297,16.25357142857143
