,HTTP GET /hotels,HTTP GET /recommendations,HTTP POST /reservation,HTTP POST /user
frontend,33842.769,2139.50125,31378.5355,926.6045
geo,107.99574041593586,/,/,/
profile,27.35150753768844,664.20080020005,/,/
rate,1258.5848348348347,/,/,/
reservation,81961.738,/,49871.39167502507,/
search,1958.7751064362635,/,/,/
recommendation,/,40.5135,/,/
user,/,/,21.967241810452613,20.223891810668672
