,HTTP GET /hotels,HTTP GET /recommendations,HTTP POST /reservation,HTTP POST /user
frontend,24004.339,6022.9825,8039.49075,2482.29775
geo,100.73426751592356,/,/,/
profile,80.57403651115618,906.5553036029227,/,/
rate,15628.506642820645,/,/,/
reservation,6355.458862366683,/,23163.288599182004,/
search,39297.43099460293,/,/,/
recommendation,/,57.800255427841634,/,/
user,/,/,14.261386639676113,17.274877860632554
