{
    "HTTP GET /hotels": {
        "average": [
            119151.8215,
            102877.298,
            128993.96875,
            119580.223,
            65633.76875,
            93013.16675,
            52661.4285,
            100885.9205,
            94283.8785,
            126069.63775,
            171598.41975,
            103928.8265,
            180631.0435,
            195419.4475,
            105505.42625,
            83744.52375,
            78380.9325,
            140002.0945,
            348966.68753402284,
            385568.09675,
            257624.78575
        ],
        "normal": [
            220547.34664246824,
            299906.6213888889,
            151090.4961111111
        ],
        "tail": [
            662884.43,
            262366.6425,
            664716.78,
            318081.175,
            288482.01,
            229946.7875,
            180906.3075,
            248301.2825,
            463783.3825,
            332018.8825,
            869449.075,
            269974.7225,
            991263.025,
            567366.9075,
            503552.3725,
            193402.2275,
            369533.4675,
            376798.7525,
            1502646.9619565217,
            1156521.375,
            1216433.3925
        ]
    },
    "HTTP GET /recommendations": {
        "average": [
            2844.0495,
            4214.47,
            3661.47925,
            4113.207,
            3799.57275,
            5768.01475,
            10819.016,
            5696.4335,
            3496.15975,
            4682.45825,
            10394.7875,
            6105.28425,
            17236.2335,
            3131.14125,
            4208.37875,
            6979.084,
            6376.32925,
            4867.14075,
            11115.622572815533,
            16211.22378716745,
            28101.42
        ],
        "normal": [
            8817.931174089068,
            12237.339130434782,
            18664.513055555555
        ],
        "tail": [
            8725.29,
            13668.965,
            11749.9675,
            13168.19,
            12682.8125,
            21711.615,
            53156.995,
            24552.835,
            12647.6575,
            17766.8725,
            67704.995,
            25869.425,
            86181.7125,
            10942.9975,
            14540.7225,
            34066.4025,
            29827.9175,
            19122.85,
            31628.746987951807,
            51914.09375,
            113033.5825
        ]
    },
    "HTTP POST /reservation": {
        "average": [
            81122.27475,
            15571.0745,
            86335.8905,
            20829.0945,
            71109.342,
            29653.46925,
            42244.25125,
            15391.7615,
            130552.34275,
            20214.249,
            126513.58125,
            22224.629,
            103779.68325,
            17250.94,
            68951.61925,
            30707.26475,
            49852.979,
            10785.47925,
            371259.87319522916,
            63970.639,
            224493.55125
        ],
        "normal": [
            277905.85764131194,
            51584.5675,
            160114.58111111113
        ],
        "tail": [
            326091.59,
            69843.8,
            337748.255,
            119280.28,
            302226.615,
            174704.085,
            144659.1525,
            59787.0525,
            736070.49,
            106263.3475,
            457358.255,
            98404.4775,
            424051.595,
            100145.285,
            243517.2275,
            172727.3825,
            197928.7875,
            46024.4675,
            1207361.775,
            175445.2825,
            803904.2825
        ]
    },
    "HTTP POST /user": {
        "average": [
            946.793,
            1740.81625,
            897.57925,
            1731.73125,
            1197.666,
            2358.808,
            3732.55775,
            2138.2405,
            974.5925,
            1739.64375,
            4931.82,
            2416.43025,
            9004.7835,
            1003.5445,
            4117.9567474048445,
            5856.5765,
            15015.996,
            1154.3665,
            2499.09325,
            2295.20225,
            1524.1995
        ],
        "normal": [
            2745.6759615384617,
            3652.7816666666668,
            7942.627222222222
        ],
        "tail": [
            3541.565,
            7511.8875,
            3451.17,
            7298.9075,
            5362.795,
            11688.84,
            24851.155,
            11106.1425,
            3879.5475,
            8304.335,
            37979.2875,
            13224.2175,
            67201.1525,
            4363.4225,
            5070.4725,
            16108.31,
            14569.1675,
            8225.43, 
            16421.16379310345,
            25690.73,
            78676.315
        ]
    }
}